,diastolic_time,rr_std,rr_median,dist_std,num_peaks,num_valleys,y
0,0.0,18.953627621117814,83.0,0.04601333683694342,144,79,Atrial_Fibrillation
1,0.3577142857142857,17.22213912743035,47.0,0.03702120363005317,140,84,Atrial_Fibrillation
2,0.6286666666666666,36.217226564164186,74.5,0.04157716852284782,142,84,Atrial_Fibrillation
3,0.28137931034482755,14.861022845013057,88.0,0.043304709544034654,137,73,Atrial_Fibrillation
4,0.4216470588235294,28.77824699317177,113.5,0.03912547088125872,143,92,Atrial_Fibrillation
5,0.6984,29.438240436547833,86.5,0.027253815418488897,149,86,Atrial_Fibrillation
6,0.47253333333333336,40.93837585058731,86.0,0.044075200817933056,144,77,Atrial_Fibrillation
7,0.43670588235294117,13.171746200074752,60.0,0.035530825235919467,146,85,Atrial_Fibrillation
8,0.5605714285714286,11.021391671661311,88.0,0.03753026793066352,142,73,Atrial_Fibrillation
9,0.7424,30.012145689518583,56.0,0.055524351863164526,146,76,Atrial_Fibrillation
10,0.4868571428571428,13.818827736099758,157.0,0.053082962445223,144,84,Atrial_Fibrillation
11,0.5826666666666667,17.540979174870003,82.0,0.03534845847005205,139,80,Atrial_Fibrillation
12,0.5704615384615385,17.8474800568231,69.0,0.02862652064650156,114,70,Atrial_Fibrillation
13,0.2826666666666667,12.225688349590046,71.0,0.045371307086839174,135,79,Atrial_Fibrillation
14,0.612,11.268195162590246,86.5,0.04102600953427013,143,76,Atrial_Fibrillation
15,0.5889230769230769,32.07380377954708,54.0,0.062080704302788975,149,72,Atrial_Fibrillation
16,0.36218181818181816,22.242876660409227,82.0,0.04819401974904246,126,75,Atrial_Fibrillation
17,0.4865,9.135320554455276,73.0,0.049410616914796215,139,71,Atrial_Fibrillation
18,0.5312,33.35285929482652,78.0,0.041454504485582716,154,76,Atrial_Fibrillation
19,0.6887272727272727,16.251115821139752,42.5,0.07414741664674274,136,73,Atrial_Fibrillation
20,0.7243636363636363,27.902527133006483,59.5,0.06382015910903768,140,76,Atrial_Fibrillation
21,0.4517647058823529,8.672649177154579,59.0,0.05510429335957974,147,73,Atrial_Fibrillation
22,0.32509090909090904,77.6799384622965,94.0,0.058349632348204776,133,73,Atrial_Fibrillation
23,0.33676190476190476,41.593268686170845,112.5,0.037486517250381865,147,78,Atrial_Fibrillation
24,0.4,12.355255713662912,64.5,0.03908418273135971,136,80,Atrial_Fibrillation
25,0.4182222222222222,52.040819685898946,92.0,0.03780636616282515,145,71,Atrial_Fibrillation
26,0.47105882352941175,31.343969825860356,88.0,0.03208788380529741,147,78,Atrial_Fibrillation
27,0.42,12.6473536977328,60.0,0.037978915947860827,148,80,Atrial_Fibrillation
28,0.0,7.764663547121665,98.0,0.05396121648642715,146,85,Atrial_Fibrillation
29,0.26639999999999997,24.489793792516913,75.5,0.04108768666065551,131,78,Atrial_Fibrillation
30,0.39831578947368423,11.719511029710675,69.0,0.03574329076053183,144,75,Atrial_Fibrillation
31,0.2848571428571428,15.409595105056301,74.0,0.04450743573960605,129,77,Atrial_Fibrillation
32,0.4293333333333333,13.071916462401372,62.0,0.029676923829679486,146,85,Atrial_Fibrillation
33,0.6465454545454545,7.841555968046138,89.0,0.03817767829406386,134,71,Atrial_Fibrillation
34,0.568,61.60671842503901,97.0,0.04540213348457447,142,75,Atrial_Fibrillation
35,0.40210526315789474,8.20807218411192,70.0,0.057655978409172345,136,72,Atrial_Fibrillation
36,0.6073846153846154,23.395156193822118,101.0,0.04725240240857053,148,74,Atrial_Fibrillation
37,0.63,13.282063963876091,84.0,0.050677714039774856,149,80,Atrial_Fibrillation
38,0.8142222222222222,30.231757866082972,59.5,0.06220580193814704,137,76,Atrial_Fibrillation
39,0.35733333333333334,10.428326807307105,53.5,0.04992401987473018,139,82,Atrial_Fibrillation
40,0.6509090909090909,6.1392181912683315,87.5,0.037656736968837,134,85,Atrial_Fibrillation
41,0.4848,39.50999873449757,83.0,0.043587616997410955,145,72,Atrial_Fibrillation
42,0.5152,9.430668056930008,58.5,0.028346827874943574,153,75,Atrial_Fibrillation
43,0.5013333333333333,27.65398805878739,76.5,0.03389729866914656,143,87,Atrial_Fibrillation
44,0.4864,26.218723988846328,69.0,0.043830877556884494,141,74,Atrial_Fibrillation
45,0.5211428571428571,76.31308865456829,210.0,0.04282012791364575,146,85,Atrial_Fibrillation
46,0.5308571428571429,14.18176466380654,76.5,0.03736892254224903,138,80,Atrial_Fibrillation
47,0.32909090909090905,9.946027819574763,69.5,0.03651167528300086,132,73,Atrial_Fibrillation
48,0.386,15.79643452649996,55.0,0.04292149988471442,143,84,Atrial_Fibrillation
49,0.40210526315789474,33.19653596386225,78.5,0.04287451344026397,141,76,Atrial_Fibrillation
50,0.5098666666666667,13.529887332852015,80.0,0.04138911658687915,138,81,Atrial_Fibrillation
51,0.528,8.751859306588175,86.0,0.05134242206053053,133,84,Atrial_Fibrillation
52,0.23951515151515151,15.289707254522373,70.0,0.041776780101782075,128,64,Atrial_Fibrillation
53,0.4052,12.009857883860764,71.0,0.04548836276465486,123,79,Atrial_Fibrillation
54,0.33182608695652177,12.828539611796371,69.5,0.042562490472364545,138,80,Atrial_Fibrillation
55,0.5554285714285715,25.82002070850748,60.5,0.03657665861653598,153,78,Atrial_Fibrillation
56,0.0,6.6000000000000005,94.5,0.05714679829185174,146,72,Atrial_Fibrillation
57,0.43247058823529416,12.585800207531713,71.0,0.023203992142648386,114,74,Atrial_Fibrillation
58,0.5405714285714286,15.545695193630113,68.0,0.021996100487461787,109,61,Atrial_Fibrillation
59,0.40842105263157896,8.951256894984079,57.5,0.04649573126772147,146,83,Atrial_Fibrillation
60,0.4271111111111111,15.20199301789,68.0,0.021405370458692834,116,73,Atrial_Fibrillation
61,0.3951111111111111,13.874069191061697,71.0,0.023893827135151643,125,77,Atrial_Fibrillation
62,0.736,36.01027347741707,53.0,0.049760783582940525,145,77,Atrial_Fibrillation
63,0.36760000000000004,35.640305904392534,89.0,0.04049649800890693,139,86,Atrial_Fibrillation
64,0.3394782608695652,11.607887643992578,86.0,0.04063818414571562,138,79,Atrial_Fibrillation
65,0.4885333333333334,10.90988131026555,61.0,0.032262469827741766,150,77,Atrial_Fibrillation
66,0.4211764705882353,10.955615464412833,64.0,0.03793255209905567,143,80,Atrial_Fibrillation
67,0.5005,56.3834195486581,75.0,0.0450349412223773,148,80,Atrial_Fibrillation
68,0.4222222222222222,12.529255704977453,69.0,0.03344386182705598,142,80,Atrial_Fibrillation
69,0.49173333333333336,11.562606866577294,66.5,0.04104339688205866,136,78,Atrial_Fibrillation
70,0.3603809523809524,11.867114323493471,75.0,0.053636684169632166,147,76,Atrial_Fibrillation
71,0.4413333333333333,18.77109923970002,83.5,0.042367845388894425,139,77,Atrial_Fibrillation
72,0.43952941176470584,11.928283640879938,52.5,0.036435750311397154,148,75,Atrial_Fibrillation
73,0.3836,12.441964038519098,50.0,0.038486510381965655,142,77,Atrial_Fibrillation
74,0.47714285714285715,12.712592182556632,95.0,0.05274280302225789,147,65,Atrial_Fibrillation
75,0.30430769230769233,14.680627824903585,73.0,0.056494327839180805,113,65,Atrial_Fibrillation
76,0.548,24.49265195931221,95.0,0.04204385733761508,145,84,Atrial_Fibrillation
77,0.5024,16.476269469188157,74.0,0.029349978326011827,113,63,Atrial_Fibrillation
78,0.49119999999999997,45.855070602933324,110.0,0.04887510367990594,146,85,Atrial_Fibrillation
79,0.5714285714285714,79.09171890912474,166.0,0.05402274987705898,140,84,Atrial_Fibrillation
80,0.392,10.160431831374098,63.5,0.04391170437956021,145,75,Atrial_Fibrillation
81,0.5889230769230769,13.837176576935837,80.0,0.04503312987041815,136,77,Atrial_Fibrillation
82,0.36876190476190474,12.983964469041547,78.5,0.03417074319213404,137,77,Atrial_Fibrillation
83,0.5497142857142857,150.83931848162138,229.5,0.0428828356586783,142,81,Atrial_Fibrillation
84,0.463,13.048574869404282,66.0,0.03685521915894878,146,81,Atrial_Fibrillation
85,0.6050909090909091,29.260511184750335,75.0,0.048387632969115066,146,78,Atrial_Fibrillation
86,0.4663529411764706,40.853518820292585,75.5,0.03966597302894422,142,68,Atrial_Fibrillation
87,0.6055384615384616,19.847376837933492,83.0,0.0353369649381808,134,80,Atrial_Fibrillation
88,0.41221052631578947,74.09948970809448,75.0,0.03649991778776047,144,77,Atrial_Fibrillation
89,0.32181818181818184,8.942035562443264,90.5,0.04409653105719377,146,77,Atrial_Fibrillation
90,0.35090909090909095,13.470546436643732,71.0,0.03805330770446184,128,76,Atrial_Fibrillation
91,0.5686153846153846,20.145951826607746,52.5,0.03280008125546081,143,85,Atrial_Fibrillation
92,0.0,14.142135623730951,93.0,0.04060858114272516,146,79,Atrial_Fibrillation
93,0.6266666666666666,20.617967691214776,62.0,0.04431908024600562,138,79,Atrial_Fibrillation
94,0.4815,18.511888072263186,92.0,0.027774295568104852,141,79,Atrial_Fibrillation
95,0.36457142857142855,11.74970448800971,80.0,0.04562712370969541,113,73,Atrial_Fibrillation
96,0.5876923076923077,44.834682560832064,61.0,0.04985961066518783,149,75,Atrial_Fibrillation
97,0.0,12.445481107614924,95.5,0.03883275882841843,143,76,Atrial_Fibrillation
98,0.6453333333333334,33.86829975648411,104.0,0.03404946927430732,146,86,Atrial_Fibrillation
99,0.35854545454545456,5.575547927681867,73.0,0.059639755151823765,127,78,Atrial_Fibrillation
100,0.472,11.210202453713958,70.0,0.03253620131324032,125,70,Atrial_Fibrillation
101,0.608,26.867080228413357,98.5,0.03936273328738254,145,81,Atrial_Fibrillation
102,0.3145454545454546,20.74115608049743,55.0,0.05638762141247584,140,74,Atrial_Fibrillation
103,0.4925,12.20591557401574,62.0,0.04128271859416292,143,73,Atrial_Fibrillation
104,0.478,9.871620378078205,55.0,0.033521707581563295,140,79,Atrial_Fibrillation
105,0.2942222222222222,13.412266359153806,72.0,0.03768591601634475,130,69,Atrial_Fibrillation
106,0.474,38.982743887361934,89.0,0.0451640380430793,130,72,Atrial_Fibrillation
107,0.0,12.187830400712967,103.0,0.05653688481769997,144,74,Atrial_Fibrillation
108,0.52,11.746205060926416,60.0,0.032665735320654005,149,73,Atrial_Fibrillation
109,0.0,28.752173830860162,102.0,0.044135343891916166,146,79,Atrial_Fibrillation
110,0.5093333333333333,30.286020794345955,67.5,0.038674228810140404,141,78,Atrial_Fibrillation
111,0.46258823529411763,20.729266251819986,94.0,0.03108519647310925,152,79,Atrial_Fibrillation
112,0.7991111111111111,34.77576982133777,86.0,0.05162582803839415,147,72,Atrial_Fibrillation
113,0.30912,15.56962501605276,80.0,0.03834663459176198,136,64,Atrial_Fibrillation
114,0.35326315789473683,29.574764017091777,96.0,0.041141190342903255,153,77,Atrial_Fibrillation
115,0.38680000000000003,25.80857695860233,75.0,0.02234532727065448,109,71,Atrial_Fibrillation
116,0.6269090909090909,24.514795667342817,89.0,0.03638232216813201,143,86,Atrial_Fibrillation
117,0.376,27.581193270455547,80.0,0.03787213837832149,139,80,Atrial_Fibrillation
118,0.49226666666666663,41.1874981031866,73.5,0.019745193242046568,120,76,Atrial_Fibrillation
119,0.25393548387096776,17.834408196025997,81.0,0.03601638940519165,141,82,Atrial_Fibrillation
120,0.4748235294117647,10.423005960587274,73.0,0.03758810592411699,141,80,Atrial_Fibrillation
121,0.43422222222222223,6.980942917245551,56.0,0.033265267930727024,140,78,Atrial_Fibrillation
122,0.7624,25.508576988926684,101.0,0.03043947819836287,147,75,Atrial_Fibrillation
123,0.26427586206896553,10.92747556493366,73.5,0.052010203181007034,129,75,Atrial_Fibrillation
124,0.45,14.004372495031395,68.5,0.025229372892340247,96,52,Atrial_Fibrillation
125,0.5685714285714285,20.879947850083873,81.5,0.03538980351233069,131,78,Atrial_Fibrillation
126,0.424,13.409958598719728,54.0,0.04481264881160201,143,83,Atrial_Fibrillation
127,0.46,34.09750724026611,82.0,0.038983978999738836,149,72,Atrial_Fibrillation
128,0.4012631578947368,7.81656992753847,54.0,0.03425359857759382,139,77,Atrial_Fibrillation
129,0.44,35.29272430528549,61.5,0.04442544429627137,147,75,Atrial_Fibrillation
130,0.536,23.552541735919338,80.5,0.0344153313251776,130,73,Atrial_Fibrillation
131,0.35504761904761906,56.66386316189316,71.0,0.07333722259684006,118,63,Atrial_Fibrillation
132,0.6293333333333334,21.501937897160182,85.0,0.03898823414148803,137,72,Atrial_Fibrillation
133,0.44611764705882356,23.464761693277733,103.0,0.06007083306396912,139,88,Atrial_Fibrillation
134,0.35090909090909095,31.49666649028116,80.0,0.03832194497577533,143,76,Atrial_Fibrillation
135,0.612,12.572843309645153,83.5,0.04751560066290021,124,73,Atrial_Fibrillation
136,0.408,13.195643220396647,57.0,0.030795010739992964,145,81,Atrial_Fibrillation
137,0.3603809523809524,29.80875682532021,73.0,0.04143681406337598,139,83,Atrial_Fibrillation
138,0.4982857142857143,30.112546091268428,98.0,0.04617989451847116,134,81,Atrial_Fibrillation
139,0.5098666666666667,41.09549252865622,82.0,0.030312725524505316,144,71,Atrial_Fibrillation
140,0.40094117647058825,11.119358722889757,60.0,0.03822389365503765,150,80,Atrial_Fibrillation
141,0.5167999999999999,17.291103160894913,69.0,0.03989077490966796,150,81,Atrial_Fibrillation
142,0.5571428571428572,63.16771327189232,139.0,0.02826241430582811,143,73,Atrial_Fibrillation
143,0.4765,19.10625261240123,53.0,0.03291206600936894,147,78,Atrial_Fibrillation
144,0.5803076923076923,36.56715773468576,77.0,0.03033161953732835,114,71,Atrial_Fibrillation
145,0.31039999999999995,9.066646658641389,66.0,0.05350574745457307,121,71,Atrial_Fibrillation
146,0.485,18.676011041701386,77.0,0.033579611832910285,147,80,Atrial_Fibrillation
147,0.47786666666666666,15.163059300383242,66.5,0.04045218074464846,140,76,Atrial_Fibrillation
148,0.8213333333333334,32.973164722797456,54.0,0.049506512279273635,137,78,Atrial_Fibrillation
149,0.4456470588235294,15.306643437845324,60.0,0.043719733423566755,130,66,Atrial_Fibrillation
150,0.4725,21.58473595961463,80.0,0.026658561201396317,141,84,Atrial_Fibrillation
151,0.5018666666666667,32.52706565308343,77.0,0.0393049287317526,135,81,Atrial_Fibrillation
152,0.44376470588235295,38.54461700419398,104.5,0.0477485524275407,139,82,Atrial_Fibrillation
153,0.0,25.913436144971325,94.0,0.06728187196379865,148,66,Atrial_Fibrillation
154,0.4453333333333333,22.459073890078372,99.5,0.04409909971701455,143,85,Atrial_Fibrillation
155,0.5242666666666667,10.45531489087993,69.0,0.05182609351070394,146,71,Atrial_Fibrillation
156,0.27885714285714286,12.40494470206234,66.0,0.046340811492343724,125,82,Atrial_Fibrillation
157,0.33808695652173915,14.591426325833341,76.0,0.036844052009263675,118,70,Atrial_Fibrillation
158,0.41976470588235293,11.616080807799735,71.0,0.05198233254999907,141,75,Atrial_Fibrillation
159,0.5716923076923077,13.758243209012809,86.0,0.04363874040491814,142,74,Atrial_Fibrillation
160,0.0,16.323882375295074,94.0,0.044450473900237736,139,83,Atrial_Fibrillation
161,0.976,42.72185652325269,68.0,0.04586506004138966,145,78,Atrial_Fibrillation
162,0.5405714285714286,15.161458455082977,67.0,0.025546216467677185,108,55,Atrial_Fibrillation
163,0.0,11.923625266930056,93.0,0.043007366657275,144,79,Atrial_Fibrillation
164,0.45661538461538465,15.376930773076921,86.0,0.037034341762603076,144,73,Atrial_Fibrillation
165,0.5649230769230769,22.487552112224222,97.0,0.0294800890469419,145,81,Atrial_Fibrillation
166,0.4088888888888889,12.807316024444779,56.0,0.03935662435172885,138,76,Atrial_Fibrillation
167,0.5136000000000001,9.887533241889377,74.0,0.05054033108150531,139,69,Atrial_Fibrillation
168,0.5157333333333334,12.110927140934246,69.0,0.027716473269042884,110,58,Atrial_Fibrillation
169,0.475,27.242736034889496,72.0,0.018122021401759614,109,63,Atrial_Fibrillation
170,0.3046153846153846,25.130769099961018,73.0,0.041660244299743084,138,75,Atrial_Fibrillation
171,0.488,20.829237692655553,59.0,0.04535668722994717,137,74,Atrial_Fibrillation
172,0.4271111111111111,12.72699223543987,68.0,0.03765705481213861,137,82,Atrial_Fibrillation
173,0.49546666666666667,12.371685162094936,55.5,0.028886128549426904,153,75,Atrial_Fibrillation
174,0.0,9.536115561380326,98.0,0.053407068380734064,143,76,Atrial_Fibrillation
175,0.4447058823529412,27.997321300438728,89.0,0.030704510339470317,139,77,Atrial_Fibrillation
176,0.40210526315789474,37.937316721138835,79.0,0.034349730502669144,142,83,Atrial_Fibrillation
177,0.366,15.600889561241077,55.5,0.04914912964512941,140,77,Atrial_Fibrillation
178,0.4214736842105263,9.024903816046402,65.0,0.041393664371190346,142,74,Atrial_Fibrillation
179,0.4227368421052632,24.194233749915742,57.0,0.04872438394469489,140,79,Atrial_Fibrillation
180,0.486,20.180815298754627,64.5,0.046034652360892575,136,83,Atrial_Fibrillation
181,0.4715,15.394403344104884,87.0,0.034136440415107425,140,77,Atrial_Fibrillation
182,0.42444444444444446,36.12169513608314,72.0,0.043857254181217956,140,84,Atrial_Fibrillation
183,0.42133333333333334,16.031080922868412,61.0,0.04264564866398606,138,74,Atrial_Fibrillation
184,0.28657142857142853,21.910645560751718,74.0,0.052887171353511266,136,72,Atrial_Fibrillation
185,0.1496296296296296,0.668042657122685,87.0,0.10939850090593999,127,63,Bradycardia
186,0.7662222222222221,44.42221666388715,125.5,0.0215060022689414,69,39,Bradycardia
187,0.2071111111111111,1.049781318335648,130.0,0.1019480902714049,121,85,Bradycardia
188,0.11533333333333333,33.34666400106613,61.0,0.06593863396349024,145,77,Bradycardia
189,0.08493617021276596,8.799551054765924,103.0,0.0373333843066352,142,81,Bradycardia
190,0.15951020408163266,0.668042657122685,86.0,0.107953585287839,106,53,Bradycardia
191,0.10071794871794872,1.79843682124227,107.0,0.05955071891889841,128,67,Bradycardia
192,1.0994285714285714,59.340121334557445,123.5,0.0680686578488528,89,46,Bradycardia
193,0.0981917808219178,0.9165151389911679,94.5,0.10730960218535623,118,68,Bradycardia
194,0.059022222222222226,10.615737258948172,133.0,0.08014318941145904,110,78,Bradycardia
195,0.15918367346938775,22.73449235978545,124.0,0.0359624044183735,136,77,Bradycardia
196,0.03828292682926829,3.3541019662496847,193.5,0.039476113496911595,117,79,Bradycardia
197,0.13671428571428573,7.086763875156433,106.0,0.03832889520140561,147,69,Bradycardia
198,0.1749090909090909,10.281629800636704,44.0,0.11612981634794468,127,86,Bradycardia
199,0.022316939890710385,0.82915619758885,112.5,0.1257995481675003,84,43,Bradycardia
200,0.0671186440677966,0.4969039949999533,97.0,0.11386507255798993,101,64,Bradycardia
201,0.0727927927927928,30.72257383765033,100.0,0.08540946601431638,120,65,Bradycardia
202,0.961,53.74241261406346,82.0,0.08040811321715403,90,47,Bradycardia
203,0.029898039215686276,76.9274771111979,158.0,0.04152781877372701,119,70,Bradycardia
204,0.044950276243093924,2.48746859276655,192.5,0.04936342933267563,94,60,Bradycardia
205,1.58,57.95256681114306,150.5,0.06088173329906603,107,69,Bradycardia
206,0.08772727272727274,29.37497044915771,72.5,0.12126241248872326,123,68,Bradycardia
207,0.09673684210526316,21.260199757998514,62.5,0.09120223853489867,153,77,Bradycardia
208,0.11359999999999999,37.37534838187688,169.5,0.060325477209843124,94,48,Bradycardia
209,0.06669158878504673,55.97839089250048,84.0,0.054613192660196395,132,81,Bradycardia
210,0.05522758620689655,52.63272823664619,73.0,0.0403511898420873,138,77,Bradycardia
211,0.0704,23.9,89.0,0.06567168317709661,116,65,Bradycardia
212,0.04906666666666667,25.36304300783492,96.0,0.03783654891386222,97,50,Bradycardia
213,1.1005714285714288,17.806213086723297,134.0,0.06201556029145146,93,53,Bradycardia
214,0.8453333333333334,123.23656113345585,89.0,0.08070320534547923,76,39,Bradycardia
215,0.06043076923076923,47.16473679237715,83.0,0.04020097044416467,125,81,Bradycardia
216,0.1176774193548387,10.515274017082055,53.5,0.1309907675134184,126,75,Bradycardia
217,0.20454054054054055,1.0690449676496976,135.0,0.07081936020287893,130,79,Bradycardia
218,0.17395348837209304,0.6240304388872748,43.0,0.12287689894744407,114,66,Bradycardia
219,1.1325714285714286,46.520828668457746,121.0,0.06193192151404108,91,51,Bradycardia
220,0.12492307692307691,24.963723680572976,125.0,0.049573325144289616,127,76,Bradycardia
221,0.042238341968911915,1.7435595774162693,194.0,0.04937151856313553,110,94,Bradycardia
222,0.07143859649122807,0.8442764761416073,59.0,0.12390032185378472,129,66,Bradycardia
223,0.08765714285714286,16.096928623532847,87.0,0.05092483960863069,93,51,Bradycardia
224,0.8382222222222222,60.55690620308214,115.0,0.12420024562069704,71,37,Bradycardia
225,0.4625,140.83124653286285,117.0,0.020249003420611412,77,46,Bradycardia
226,0.31583999999999995,27.172289806590342,133.5,0.010890826052743514,72,40,Bradycardia
227,0.931,29.82762980861872,106.5,0.05587490278545447,86,46,Bradycardia
228,0.11271641791044776,19.32137561240285,68.0,0.07258619881408827,109,74,Bradycardia
229,1.3135999999999999,38.273413313508726,80.5,0.09241712048170336,100,74,Bradycardia
230,0.21933333333333335,10.176983229539143,53.5,0.13871637107878865,122,81,Bradycardia
231,1.3104,43.886969771248495,118.0,0.06324040536821551,103,80,Bradycardia
232,0.07899029126213593,1.7497795275581802,106.0,0.08710537804959391,123,78,Bradycardia
233,0.944,180.0,298.0,0.06301213513067,63,40,Bradycardia
234,0.09022222222222223,24.547097588106013,159.0,0.0374199312335209,139,78,Bradycardia
235,0.18680000000000002,0.880630571852711,133.0,0.10071915475266117,139,71,Bradycardia
236,0.12645161290322582,11.493019889169231,54.0,0.0963966247487756,150,72,Bradycardia
237,0.3545263157894737,61.01057285421929,44.0,0.04619190315046151,125,63,Bradycardia
238,0.6407999999999999,65.86052972000756,99.0,0.064310015707952,96,65,Bradycardia
239,0.07575,22.568414506414346,98.0,0.034576753918010614,145,82,Bradycardia
240,0.8053333333333333,17.694896863220198,101.5,0.0652187233428681,82,49,Bradycardia
241,0.867,0.0,126.0,0.046210231594028504,67,36,Bradycardia
242,1.0582857142857143,50.83566132952258,75.0,0.05477207456501674,87,47,Bradycardia
243,0.10024691358024691,4.357106264483344,113.0,0.14078989068760173,134,70,Bradycardia
244,0.7208888888888889,59.27171165462607,80.0,0.06562083582534843,85,46,Bradycardia
245,1.504,56.18718715152058,92.5,0.06147376383854528,108,76,Bradycardia
246,0.059480916030534355,1.699673171197595,106.0,0.07531424814648649,147,76,Bradycardia
247,0.026842105263157893,67.30775091572539,134.0,0.03450910515792152,130,73,Bradycardia
248,0.9862857142857143,56.805711762893075,124.0,0.023490317501798034,54,34,Bradycardia
249,0.059130434782608696,6.280127387243033,165.0,0.04249790261757684,132,86,Bradycardia
250,0.7016,11.962833067463576,111.0,0.06453188580805451,83,46,Bradycardia
251,0.13131034482758622,6.922309394048981,125.0,0.08201728557515357,132,63,Bradycardia
252,0.07478899082568807,41.14577993684857,89.0,0.07639335622579863,124,75,Bradycardia
253,0.6763636363636364,10.49279588251381,98.0,0.08068705519591114,86,44,Bradycardia
254,0.14613333333333334,0.6998542122237652,132.0,0.1044221008842017,137,74,Bradycardia
255,0.041892473118279566,70.11577727032784,160.0,0.03898659413363589,104,78,Bradycardia
256,1.3792,49.40485806072111,83.5,0.08369133211647911,116,65,Bradycardia
257,0.068,43.977266854592045,91.0,0.050872701546355835,123,74,Bradycardia
258,0.15152000000000002,1.1547005383792515,111.0,0.0950354755468443,136,72,Bradycardia
259,1.438,52.97357831976239,86.5,0.06324237341594345,105,70,Bradycardia
260,0.22577777777777777,9.632932493781531,84.0,0.08154931357729472,79,52,Bradycardia
261,0.02791666666666667,88.58266697773831,132.0,0.04168741998367881,111,69,Bradycardia
262,0.036676056338028167,65.28055622011935,114.0,0.034300223301253846,116,68,Bradycardia
263,0.9657142857142856,29.10794955459294,68.0,0.0637233190847071,87,46,Bradycardia
264,0.14068965517241377,10.342082850468296,89.0,0.09689432044930282,107,75,Bradycardia
265,0.083,3.356382892705923,123.0,0.05756391207055538,139,76,Bradycardia
266,0.07171171171171171,1.7435595774162693,99.5,0.0989857352826664,130,67,Bradycardia
267,0.08581052631578948,11.84422704467093,148.0,0.07460914407885699,122,70,Bradycardia
268,1.3776,42.28357632043772,44.0,0.07807816147112703,125,57,Bradycardia
269,0.04023762376237624,0.9797958971132712,194.0,0.04735580723906718,101,78,Bradycardia
270,0.7104,21.415351595306984,98.0,0.05524374167554147,89,49,Bradycardia
271,0.08050526315789473,30.520586050066374,116.0,0.04549336760685341,129,86,Bradycardia
272,1.0102857142857142,8.602325267042627,123.0,0.09384829821191053,89,48,Bradycardia
273,0.07244859813084112,61.14918006173282,125.5,0.0492473482511981,133,74,Bradycardia
274,0.2465,2.943920288775949,145.0,0.07243736433154188,135,69,Bradycardia
275,0.09802409638554216,2.9393876913398134,195.0,0.06597709158657772,149,78,Bradycardia
276,0.08133333333333333,37.20945054521154,89.0,0.058510269378534506,134,77,Bradycardia
277,0.0623089430894309,1.224744871391589,185.5,0.03692384662312838,137,85,Bradycardia
278,0.902,50.387260622679726,78.0,0.06024748665827755,86,38,Bradycardia
279,0.11019718309859156,1.1547005383792515,108.0,0.07948271327433486,121,76,Bradycardia
280,1.5,49.40333996806289,91.0,0.03954679678668266,105,73,Bradycardia
281,0.0757979797979798,14.491376746189438,166.0,0.04001446385317991,142,77,Bradycardia
282,0.08277894736842106,1.653594569415369,123.0,0.10100954215259483,140,71,Bradycardia
283,0.11501449275362319,23.227468784231505,69.0,0.04957137770861964,120,75,Bradycardia
284,0.0832,0.8813963377120598,88.0,0.09086877656500056,103,56,Bradycardia
285,0.03287096774193548,43.96427120807466,103.0,0.05519457684736914,126,66,Bradycardia
286,0.031264,87.52713864853574,83.5,0.051321265691361195,114,78,Bradycardia
287,0.12450909090909092,10.085232340275592,46.0,0.0855533904777094,130,93,Bradycardia
288,0.08365217391304348,34.93181078843004,88.0,0.10642497498279688,138,60,Bradycardia
289,0.041567010309278354,48.662100242385755,69.0,0.024465605188665807,142,79,Bradycardia
290,1.2866666666666668,47.895204533271915,118.0,0.0853998619810221,116,67,Bradycardia
291,0.9508571428571428,58.23194999310945,235.0,0.02773125771954444,67,26,Bradycardia
292,0.036672897196261676,98.3186429704741,116.5,0.03146924329062042,123,63,Bradycardia
293,1.288,49.08445732222456,118.0,0.06775121620996712,112,61,Bradycardia
294,0.048888888888888885,51.28459198433775,106.0,0.04290659933261125,157,65,Bradycardia
295,0.09708641975308642,27.82506738536315,54.5,0.07582927361738591,143,67,Bradycardia
296,1.016,38.177013699345316,114.5,0.08103293369420274,90,45,Bradycardia
297,0.06387096774193549,19.102065042525872,150.0,0.03765040742557391,115,74,Bradycardia
298,0.19333333333333333,0.7559289460184544,129.0,0.10620832513688722,145,72,Bradycardia
299,0.1587450980392157,0.5865538070970452,43.0,0.1303672334890718,120,64,Bradycardia
300,0.09380952380952381,10.336445484941034,45.0,0.09243596066526746,152,86,Bradycardia
301,0.17672727272727273,9.956231375870919,53.5,0.12595758434944138,123,81,Bradycardia
302,0.776,64.0496633480614,92.5,0.05298134740321107,113,63,Bradycardia
303,0.04290526315789474,52.04589811122565,86.0,0.042866155263312326,133,70,Bradycardia
304,0.11793939393939394,10.70421631477897,53.5,0.07940052795183096,154,68,Bradycardia
305,0.02747826086956522,85.2,131.0,0.03092373930967346,129,75,Bradycardia
306,0.05592727272727273,29.15047169429682,122.5,0.039393992848959974,140,75,Bradycardia
307,1.0422857142857143,29.147136318265567,114.0,0.10486734340028306,92,55,Bradycardia
308,0.06066141732283464,46.43620341559289,102.0,0.03312913949731904,144,69,Bradycardia
309,1.1211428571428572,13.314101776779722,135.0,0.06842274571662255,88,45,Bradycardia
310,0.04047761194029851,14.283206922816738,86.5,0.05805045764365311,87,53,Bradycardia
311,0.9302857142857144,37.72782645328099,79.5,0.06531351862982644,122,77,Bradycardia
312,0.056753623188405794,42.93835673775654,84.0,0.051597358261706125,144,67,Bradycardia
313,0.025620253164556964,9.86326267607651,112.0,0.06781171574696294,85,52,Bradycardia
314,0.058474820143884894,49.238196555113596,133.0,0.04007688046134457,119,84,Bradycardia
315,1.224,47.79932541578471,123.0,0.04872768733257194,96,51,Bradycardia
316,0.05202836879432624,10.103019643510537,64.0,0.05101365299478027,134,80,Bradycardia
317,1.3376,46.85125398535241,83.0,0.05273660119058182,100,64,Bradycardia
318,1.3135999999999999,38.7004163055415,80.0,0.1159711038021928,105,55,Bradycardia
319,0.10025316455696202,22.890960961698397,54.0,0.07427484375789221,140,81,Bradycardia
320,0.057470588235294114,13.554124306434765,137.0,0.0893956009887369,142,78,Bradycardia
321,0.0658909090909091,0.8314794192830981,99.0,0.0759945488534112,108,64,Bradycardia
322,0.05391780821917808,33.0732520324204,188.0,0.02499598935171723,132,69,Bradycardia
323,0.15,0.49792959773196915,87.0,0.12079028860477616,102,57,Bradycardia
324,0.16034042553191488,12.577920401745793,133.0,0.07605747177827092,140,65,Bradycardia
325,0.07115789473684211,17.10263137648707,123.5,0.05392130699304607,131,77,Bradycardia
326,0.937,111.95931800832341,116.0,0.08202060492546738,79,36,Bradycardia
327,0.04617283950617284,71.23065039402319,126.0,0.04812341820418561,140,71,Bradycardia
328,0.07310091743119265,2.042752923427804,106.0,0.07682588686813986,139,77,Bradycardia
329,0.1252,11.803954139750516,95.0,0.05115147378828132,137,87,Bradycardia
330,0.4426666666666667,106.89762411212106,67.0,0.18390492054947352,74,38,Bradycardia
331,0.06744444444444445,9.582349846015255,63.0,0.06182441418405595,131,74,Bradycardia
332,0.0522589928057554,54.54050482592425,153.0,0.045370853141793434,143,69,Bradycardia
333,0.6901818181818181,2.0,236.0,0.028674933747394955,54,43,Bradycardia
334,0.7083636363636364,14.243907079480998,96.0,0.05168280373168676,82,53,Bradycardia
335,0.0953,34.53178889725298,59.0,0.04012869607977343,133,78,Bradycardia
336,0.9394285714285714,112.43071940829458,116.0,0.07379115039837436,81,41,Bradycardia
337,0.031346303501945526,100.12894464417147,118.0,0.04188427881517815,108,79,Bradycardia
338,0.048966442953020134,47.603807084933784,150.0,0.037815255505109634,145,81,Bradycardia
339,0.732,12.210241602851273,99.0,0.06895668207205242,88,45,Bradycardia
340,0.0705391304347826,3.0081371127142607,60.0,0.09433352214477497,122,67,Bradycardia
341,0.05533793103448276,12.368491898236208,138.0,0.07866017543696426,129,79,Bradycardia
342,0.08232258064516129,0.7370277311900889,100.0,0.07786995674430999,116,73,Bradycardia
343,0.024652567975830816,6.98212002188447,110.5,0.0827307359888723,86,49,Bradycardia
344,0.03504225352112676,44.544405727685415,103.0,0.06445217523772785,105,73,Bradycardia
345,0.056,46.22482422897896,136.5,0.03702288694631789,150,77,Bradycardia
346,0.058376811594202896,60.84085284576474,107.5,0.04188311089001536,137,82,Bradycardia
347,0.07192857142857143,28.892905703649813,161.0,0.049067237947334016,138,80,Bradycardia
348,1.108,40.783240764715195,43.0,0.0747160943345702,112,66,Bradycardia
349,0.0663931623931624,0.41573970964154905,106.0,0.10939075376933921,131,57,Bradycardia
350,0.05192356687898089,3.491060010942235,194.0,0.04820286839838835,105,64,Bradycardia
351,0.856,41.974608617532596,44.0,0.0702372524551688,106,83,Bradycardia
352,0.07648,38.201077393832584,83.0,0.047536938026930896,135,83,Bradycardia
353,0.15079245283018866,11.721252283866292,116.0,0.048356586645588534,120,82,Bradycardia
354,0.12774603174603175,1.1357816691600546,87.0,0.09449962244020478,107,62,Bradycardia
355,0.12941935483870967,8.975632761598169,90.0,0.10872484695952042,110,63,Bradycardia
356,0.1127887323943662,8.833158628600795,104.0,0.07483774559127304,137,81,Bradycardia
357,0.1355862068965517,0.44536177141512323,88.0,0.11284276218653974,120,71,Bradycardia
358,0.656,5.146297212559725,122.0,0.013098526933790927,70,42,Bradycardia
359,0.096,27.01313277945662,48.0,0.08128693755211808,136,78,Bradycardia
360,0.2832592592592592,49.13819271677657,74.0,0.06134758415699528,91,51,Bradycardia
361,0.4346666666666667,47.84336583394805,45.0,0.04550348394917835,131,69,Bradycardia
362,0.054028169014084505,29.30801938036755,158.0,0.05730059991494789,149,77,Bradycardia
363,0.08613953488372093,21.039645117412668,145.5,0.05405053969257968,133,74,Bradycardia
364,0.17085714285714287,10.176983229539143,53.5,0.14264414187349883,122,63,Bradycardia
365,0.047204678362573096,2.8,192.0,0.04145481682555597,117,68,Bradycardia
366,0.059014492753623186,15.912957683040014,76.5,0.06778817321514032,94,53,Bradycardia
367,1.4656,47.28847639753262,88.5,0.05229433561831418,108,65,Bradycardia
368,0.0577984496124031,27.709926019388792,165.0,0.035010807158177545,144,74,Bradycardia
369,0.28861538461538466,10.509989369319547,53.0,0.119041158841514,118,95,Bradycardia
370,0.3412173913043478,0.48650425541051995,73.0,0.10656402773846303,61,40,Healthy
371,0.448,20.437404434027332,73.0,0.17472903308389695,85,46,Healthy
372,0.3808,0.4213250442347431,73.0,0.17824586537880313,68,42,Healthy
373,0.36690909090909096,0.36080121229411,72.0,0.14783254294959888,83,43,Healthy
374,0.41305263157894734,0.4985185152621431,73.0,0.1335686097401081,68,46,Healthy
375,0.3226666666666667,5.557877292636101,87.0,0.09684358967921712,123,64,Healthy
376,0.2782222222222222,0.532938710021193,72.0,0.1307879791357076,79,61,Healthy
377,0.5075,0.48650425541051995,73.0,0.1218837210837274,85,51,Healthy
378,0.448,20.437404434027332,73.0,0.17472903308389695,85,46,Healthy
379,0.5376000000000001,0.4930066485916347,78.0,0.11741731386987271,105,58,Healthy
380,0.5072,0.4985185152621431,73.0,0.1410485876211167,76,46,Healthy
381,0.40658823529411764,30.418967922456794,80.0,0.04941364174104185,86,45,Healthy
382,0.2554666666666667,0.5578749768504754,68.0,0.13922894067531172,100,58,Healthy
383,0.35695238095238097,0.4985185152621431,73.0,0.14651374677661635,84,55,Healthy
384,0.46826666666666666,19.096763875917418,87.0,0.10528410461645117,69,53,Healthy
385,0.5072,0.4985185152621431,73.0,0.1410485876211167,76,46,Healthy
386,0.36190476190476195,21.505722348947035,64.0,0.08807153400770792,122,66,Healthy
387,0.22355555555555554,0.6182412330330469,67.0,0.1493896239211382,103,61,Healthy
388,0.2814285714285715,7.980585861484155,54.0,0.12065713481642193,106,54,Healthy
389,0.22355555555555554,0.6182412330330469,67.0,0.1493896239211382,103,61,Healthy
390,0.3709090909090909,16.850192701653008,62.0,0.04200205213507129,89,45,Healthy
391,0.22355555555555554,0.6182412330330469,67.0,0.1493896239211382,103,61,Healthy
392,0.36690909090909096,0.36080121229411,72.0,0.14783254294959888,83,43,Healthy
393,0.323,0.5890150893739516,67.0,0.14001088615021592,88,55,Healthy
394,0.47294117647058825,0.42132504423474315,73.0,0.13978416044008365,81,46,Healthy
395,0.45546666666666663,27.311917332958643,75.0,0.05601888397099438,84,51,Healthy
396,0.323,0.5890150893739516,67.0,0.14001088615021592,88,55,Healthy
397,0.3163333333333333,0.532938710021193,73.0,0.1473961888778118,86,44,Healthy
398,0.7911111111111111,33.360005995203295,90.5,0.09909362034705321,148,73,Healthy
399,0.3163333333333333,0.532938710021193,73.0,0.1473961888778118,86,44,Healthy
400,0.24436363636363637,0.5734883511361751,67.0,0.12343089293721304,105,61,Healthy
401,0.3163333333333333,0.532938710021193,73.0,0.1473961888778118,86,44,Healthy
402,0.5778461538461538,0.6871842709362769,78.0,0.1334454018663137,127,92,Healthy
403,0.3496,25.692541070642793,66.0,0.07480284647755442,81,49,Healthy
404,0.26666666666666666,27.130538433700117,87.0,0.07540139722572838,83,45,Healthy
405,0.3387826086956522,27.51948971273971,73.0,0.11439090666324546,84,45,Healthy
406,0.2782222222222222,0.532938710021193,72.0,0.1307879791357076,79,61,Healthy
407,0.448,0.6153846153846153,73.0,0.14284343797714863,116,56,Healthy
408,0.20994594594594593,28.406102630714177,46.0,0.09465867636991686,112,61,Healthy
409,0.2691428571428572,0.5,72.5,0.1270850708759863,68,38,Healthy
410,0.40210526315789474,0.4985185152621431,73.0,0.12520775870629358,77,47,Healthy
411,0.3152,20.48763177030365,73.0,0.20549576229880906,62,39,Healthy
412,0.4373333333333333,30.164048509528808,86.0,0.06840187891275917,99,61,Healthy
413,0.24361290322580648,17.89067882694474,86.0,0.06806240493217369,93,57,Healthy
414,0.26666666666666666,27.130538433700117,87.0,0.07540139722572838,83,45,Healthy
415,0.5386666666666666,37.82989018905522,74.0,0.04832740959001034,103,45,Healthy
416,0.32945454545454544,30.130878222932818,78.0,0.04622589677504061,91,55,Healthy
417,0.4048,129.3986089569745,149.0,0.0754686270960032,143,77,Healthy
418,0.30553846153846154,0.42132504423474315,70.0,0.1378196983091253,97,68,Healthy
419,0.41305263157894734,0.4985185152621431,73.0,0.1335686097401081,68,46,Healthy
420,0.41305263157894734,0.4985185152621431,73.0,0.1335686097401081,68,46,Healthy
421,0.2303529411764706,0.5578749768504754,70.0,0.14518881222433028,105,61,Healthy
422,0.4602352941176471,0.2664693550105965,73.0,0.1313108423231744,55,45,Healthy
423,0.48533333333333334,30.91899699214061,127.0,0.1290235808460334,160,68,Healthy
424,0.3808,0.4213250442347431,73.0,0.17824586537880313,68,42,Healthy
425,0.7112,40.73370072802126,102.0,0.07947663560333312,167,62,Healthy
426,0.323,0.5890150893739516,67.0,0.14001088615021592,88,55,Healthy
427,0.3808,0.532938710021193,73.0,0.15341721345972087,77,41,Healthy
428,0.3387826086956522,27.51948971273971,73.0,0.11439090666324546,84,45,Healthy
429,0.35695238095238097,0.4985185152621431,73.0,0.14651374677661635,84,55,Healthy
430,0.30336,26.48701814431958,82.0,0.07071207353306604,87,55,Healthy
431,0.30553846153846154,0.42132504423474315,70.0,0.1378196983091253,97,68,Healthy
432,0.47294117647058825,0.42132504423474315,73.0,0.13978416044008365,81,46,Healthy
433,0.9348571428571429,28.641427355261918,74.0,0.05820587350890083,144,64,Healthy
434,0.29507692307692307,17.41377814896835,88.0,0.04298164517919643,83,53,Healthy
435,0.3808,0.4213250442347431,73.0,0.17824586537880313,68,42,Healthy
436,0.2874285714285714,16.700705980494163,54.5,0.10829631185851986,117,61,Healthy
437,0.47294117647058825,0.42132504423474315,73.0,0.13978416044008365,81,46,Healthy
438,0.3808,0.532938710021193,73.0,0.15341721345972087,77,41,Healthy
439,0.3501818181818182,0.6267831705280087,67.0,0.1485319990365798,107,58,Healthy
440,0.5815384615384616,0.5933302759227196,73.0,0.14825439063815582,73,45,Healthy
441,0.30553846153846154,0.42132504423474315,70.0,0.1378196983091253,97,68,Healthy
442,0.3936,0.6793662204867574,73.0,0.16655666347902917,81,45,Healthy
443,0.3226666666666667,0.48650425541051995,70.0,0.1442489944274097,77,52,Healthy
444,0.2782222222222222,0.532938710021193,72.0,0.1307879791357076,79,61,Healthy
445,0.32766666666666666,0.4517539514526257,70.0,0.1624351580856207,67,47,Healthy
446,0.448,20.437404434027332,73.0,0.17472903308389695,85,46,Healthy
447,0.872,24.10902109085277,61.0,0.055562973764395444,154,78,Healthy
448,0.3116521739130435,65.02499519415592,150.5,0.07033844070477888,160,72,Healthy
449,0.3936,0.6793662204867574,73.0,0.16655666347902917,81,45,Healthy
450,0.3163333333333333,0.532938710021193,73.0,0.1473961888778118,86,44,Healthy
451,0.5772307692307693,0.4615384615384615,72.0,0.1346430197168924,88,54,Healthy
452,0.3808,0.4213250442347431,73.0,0.17824586537880313,68,42,Healthy
453,0.3152,20.48763177030365,73.0,0.20549576229880906,62,39,Healthy
454,0.876,34.81189119532349,79.0,0.031970251505665785,91,49,Healthy
455,0.3412173913043478,0.48650425541051995,73.0,0.10656402773846303,61,40,Healthy
456,0.478,0.48650425541051995,74.0,0.09872970822575407,60,46,Healthy
457,0.4602352941176471,0.2664693550105965,73.0,0.1313108423231744,55,45,Healthy
458,0.2554666666666667,0.5578749768504754,68.0,0.13922894067531172,100,58,Healthy
459,0.6944,30.48289849393781,79.0,0.05560474832442526,86,50,Healthy
460,0.5253333333333333,0.6236095644623235,78.0,0.1181138925721985,120,62,Healthy
461,0.478,0.48650425541051995,74.0,0.09872970822575407,60,46,Healthy
462,0.3709090909090909,16.850192701653008,62.0,0.04200205213507129,89,45,Healthy
463,0.3152,20.48763177030365,73.0,0.20549576229880906,62,39,Healthy
464,0.528,0.4985185152621431,74.0,0.09469689606324176,56,40,Healthy
465,0.2782222222222222,0.532938710021193,72.0,0.1307879791357076,79,61,Healthy
466,0.6293333333333334,30.397111293673944,110.5,0.0955644406836008,144,67,Healthy
467,0.5772307692307693,0.4615384615384615,72.0,0.1346430197168924,88,54,Healthy
468,0.0,101.46520339505558,81.5,0.08143358025063255,138,74,Healthy
469,0.3412173913043478,0.48650425541051995,73.0,0.10656402773846303,61,40,Healthy
470,0.47294117647058825,0.42132504423474315,73.0,0.13978416044008365,81,46,Healthy
471,0.5382857142857144,27.121639576790585,61.0,0.06564473111087937,82,48,Healthy
472,0.3387826086956522,27.51948971273971,73.0,0.11439090666324546,84,45,Healthy
473,0.4695,0.42132504423474304,72.0,0.13636174575459903,111,61,Healthy
474,0.3152,20.48763177030365,73.0,0.20549576229880906,62,39,Healthy
475,0.3152,20.48763177030365,73.0,0.20549576229880906,62,39,Healthy
476,0.3808,0.532938710021193,73.0,0.15341721345972087,77,41,Healthy
477,0.3248695652173913,22.273512857203283,65.0,0.0956609975542823,147,75,Healthy
478,0.5075,0.48650425541051995,73.0,0.1218837210837274,85,51,Healthy
479,0.32766666666666666,0.4517539514526257,70.0,0.1624351580856207,67,47,Healthy
480,0.32904347826086955,26.560860112971273,81.0,0.06970005405591694,90,46,Healthy
481,0.898,33.153537138492304,82.0,0.08073713039970576,154,82,Healthy
482,0.30030769230769233,16.177625151905193,61.0,0.17991865539952087,82,42,Healthy
483,0.4695,0.42132504423474304,72.0,0.13636174575459903,111,61,Healthy
484,0.5034666666666666,0.9230769230769231,73.0,0.11241668697361824,98,61,Healthy
485,0.3234782608695652,23.160520767509144,60.0,0.14810129159963714,86,41,Healthy
486,0.19044444444444444,19.867785203411298,56.0,0.08524831967997118,125,69,Healthy
487,0.448,20.437404434027332,73.0,0.17472903308389695,85,46,Healthy
488,0.32766666666666666,0.4517539514526257,70.0,0.1624351580856207,67,47,Healthy
489,0.3812,29.23076923076923,71.0,0.07985542518352264,80,44,Healthy
490,0.3808,0.4213250442347431,73.0,0.17824586537880313,68,42,Healthy
491,0.36690909090909096,0.36080121229411,72.0,0.14783254294959888,83,43,Healthy
492,0.5815384615384616,0.5933302759227196,73.0,0.14825439063815582,73,45,Healthy
493,0.3163333333333333,0.532938710021193,73.0,0.1473961888778118,86,44,Healthy
494,0.7024,0.4810456929208347,88.0,0.13241331497450107,110,53,Healthy
495,0.22355555555555554,0.6182412330330469,67.0,0.1493896239211382,103,61,Healthy
496,0.448,0.6153846153846153,73.0,0.14284343797714863,116,56,Healthy
497,0.309,19.429465567313088,98.0,0.08578410390595824,123,69,Healthy
498,0.3808,0.532938710021193,73.0,0.15341721345972087,77,41,Healthy
499,0.47294117647058825,0.42132504423474315,73.0,0.13978416044008365,81,46,Healthy
500,0.40210526315789474,0.4985185152621431,73.0,0.12520775870629358,77,47,Healthy
501,0.2691428571428572,0.5,72.5,0.1270850708759863,68,38,Healthy
502,0.3936,0.6793662204867574,73.0,0.16655666347902917,81,45,Healthy
503,0.5906666666666667,44.11065630887847,59.0,0.04598618958851944,96,59,Healthy
504,0.4695,0.42132504423474304,72.0,0.13636174575459903,111,61,Healthy
505,0.3808,0.532938710021193,73.0,0.15341721345972087,77,41,Healthy
506,0.3152,20.48763177030365,73.0,0.20549576229880906,62,39,Healthy
507,0.22355555555555554,0.6182412330330469,67.0,0.1493896239211382,103,61,Healthy
508,0.40210526315789474,0.4985185152621431,73.0,0.12520775870629358,77,47,Healthy
509,0.3936,0.6793662204867574,73.0,0.16655666347902917,81,45,Healthy
510,0.4602352941176471,0.2664693550105965,73.0,0.1313108423231744,55,45,Healthy
511,0.2501333333333333,0.4573660169594892,67.0,0.1472386664728418,115,65,Healthy
512,0.2636521739130435,20.98874326275873,54.5,0.09548970156185461,114,63,Healthy
513,0.568,29.993687698833366,69.0,0.04859053429947709,90,48,Healthy
514,0.478,0.48650425541051995,74.0,0.09872970822575407,60,46,Healthy
515,0.448,20.437404434027332,73.0,0.17472903308389695,85,46,Healthy
516,0.4826666666666667,5.329930887479322,125.0,0.09639043135478267,139,81,Healthy
517,0.2303529411764706,0.5578749768504754,70.0,0.14518881222433028,105,61,Healthy
518,0.323,0.5890150893739516,67.0,0.14001088615021592,88,55,Healthy
519,0.2808888888888889,27.035470527931757,67.0,0.055111034267801944,81,50,Healthy
520,0.3808,0.532938710021193,73.0,0.15341721345972087,77,41,Healthy
521,0.45546666666666663,27.311917332958643,75.0,0.05601888397099438,84,51,Healthy
522,0.478,0.48650425541051995,74.0,0.09872970822575407,60,46,Healthy
523,0.3412173913043478,0.48650425541051995,73.0,0.10656402773846303,61,40,Healthy
524,0.478,0.48650425541051995,74.0,0.09872970822575407,60,46,Healthy
525,0.0,42.5,210.5,0.07626878984698746,129,71,Healthy
526,0.4695,0.42132504423474304,72.0,0.13636174575459903,111,61,Healthy
527,0.478,0.48650425541051995,74.0,0.09872970822575407,60,46,Healthy
528,0.5886666666666667,21.776643961414766,41.0,0.04225854659963639,90,55,Healthy
529,0.22355555555555554,0.6182412330330469,67.0,0.1493896239211382,103,61,Healthy
530,0.0,0.0,518.0,0.07385440651400985,141,78,Healthy
531,0.448,20.437404434027332,73.0,0.17472903308389695,85,46,Healthy
532,0.478,0.48650425541051995,74.0,0.09872970822575407,60,46,Healthy
533,0.3387826086956522,27.51948971273971,73.0,0.11439090666324546,84,45,Healthy
534,0.32766666666666666,0.4517539514526257,70.0,0.1624351580856207,67,47,Healthy
535,0.35695238095238097,0.4985185152621431,73.0,0.14651374677661635,84,55,Healthy
536,0.323,0.5890150893739516,67.0,0.14001088615021592,88,55,Healthy
537,0.3226666666666667,0.48650425541051995,70.0,0.1442489944274097,77,52,Healthy
538,0.2501333333333333,0.4573660169594892,67.0,0.1472386664728418,115,65,Healthy
539,0.30553846153846154,0.42132504423474315,70.0,0.1378196983091253,97,68,Healthy
540,0.5072,0.4985185152621431,73.0,0.1410485876211167,76,46,Healthy
541,0.3387826086956522,27.51948971273971,73.0,0.11439090666324546,84,45,Healthy
542,0.3176666666666667,25.640666664153812,83.0,0.07093795145454357,83,46,Healthy
543,0.2501333333333333,18.28585379411068,56.0,0.06155119967513745,81,50,Healthy
544,0.40210526315789474,0.4985185152621431,73.0,0.12520775870629358,77,47,Healthy
545,0.3808,0.532938710021193,73.0,0.15341721345972087,77,41,Healthy
546,0.5075,0.48650425541051995,73.0,0.1218837210837274,85,51,Healthy
547,0.968,29.063617764329006,68.5,0.05788148897707963,80,45,Healthy
548,0.41726315789473684,33.4849676057116,76.5,0.06370431345964479,89,49,Healthy
549,0.3501818181818182,0.6267831705280087,67.0,0.1485319990365798,107,58,Healthy
550,0.5269333333333333,25.558994937638335,75.0,0.05816656290362216,97,49,Healthy
551,0.3808,0.532938710021193,73.0,0.15341721345972087,77,41,Healthy
552,0.40210526315789474,0.4985185152621431,73.0,0.12520775870629358,77,47,Healthy
553,0.2827692307692308,30.975348621479988,81.5,0.04523169345270834,93,51,Healthy
554,0.4602352941176471,0.2664693550105965,73.0,0.1313108423231744,55,45,Healthy
555,0.1144,10.05004777140947,54.0,0.03738305108163824,145,79,Tachycardia
556,0.1988,0.5668594533825794,50.0,0.05621770760122131,107,99,Tachycardia
557,0.01871559633027523,4.156283358726243,50.0,0.047620710350273224,132,64,Tachycardia
558,0.07119266055045871,19.72501936346043,80.0,0.06942339025052449,124,67,Tachycardia
559,0.0846896551724138,0.6,96.0,0.12032119531519989,113,68,Tachycardia
560,0.08025,10.062052373108763,71.5,0.04581393300640828,136,68,Tachycardia
561,0.3072,34.062942087679964,44.0,0.09455273457438072,107,62,Tachycardia
562,0.0783076923076923,2.238302928559939,90.5,0.06038546434575182,142,81,Tachycardia
563,0.3792,0.9285592184789413,63.0,0.06782237281063079,105,62,Tachycardia
564,0.4541176470588235,0.9537935951882998,77.0,0.10030785339450189,112,69,Tachycardia
565,0.13654237288135593,18.271457354194652,74.0,0.0365497325033173,136,62,Tachycardia
566,0.0,3.640054944640259,53.0,0.0640199606436722,146,74,Tachycardia
567,0.09168539325842696,12.932989686156182,68.0,0.045054113875711746,134,74,Tachycardia
568,0.22894117647058823,0.6249260311258431,74.0,0.130583332036355,119,70,Tachycardia
569,0.20512820512820515,1.3888823142513684,72.0,0.11216668439098156,130,87,Tachycardia
570,0.17181818181818181,5.88179866669674,63.0,0.10189471123435952,118,76,Tachycardia
571,0.19104761904761905,11.346081438710055,56.0,0.03672261631871065,124,80,Tachycardia
572,0.11941176470588234,31.99251214477121,72.0,0.08168564681670243,141,72,Tachycardia
573,0.06715966386554623,13.756564089755681,81.0,0.08741204109797449,109,68,Tachycardia
574,0.10858666666666668,14.615972997603226,56.0,0.03401122764827751,144,70,Tachycardia
575,0.35060869565217395,9.965527000367905,52.0,0.039112713699459366,143,83,Tachycardia
576,0.22355555555555554,1.3674145257408599,72.0,0.10645694776156166,130,80,Tachycardia
577,0.12786885245901639,43.83441138308777,53.0,0.1684251023563275,56,37,Tachycardia
578,0.15260377358490568,2.5382881188695783,57.0,0.0473519483809713,144,65,Tachycardia
579,0.08860869565217391,29.726290447178236,49.0,0.06599912551918563,152,78,Tachycardia
580,0.3166666666666667,17.070312110666155,55.0,0.01930907117700864,115,64,Tachycardia
581,0.114625,22.999614095038858,56.0,0.13177283206974313,90,44,Tachycardia
582,0.1106086956521739,6.0979993086148365,50.0,0.025644249606651313,147,71,Tachycardia
583,0.016038277511961723,6.4519376934375305,47.0,0.028165241512404914,144,83,Tachycardia
584,0.4405,26.60267804825001,83.0,0.08262966524922895,124,77,Tachycardia
585,0.1806829268292683,0.8806305718527108,71.0,0.09845113420719839,112,63,Tachycardia
586,0.15168,17.887619801101554,82.0,0.02700620123298297,149,81,Tachycardia
587,0.02138219895287958,6.586362067883621,43.5,0.06579815432701186,129,75,Tachycardia
588,0.07097247706422019,8.480369488805701,50.5,0.038892978991923274,128,81,Tachycardia
589,0.18509090909090908,11.268075660283461,48.0,0.036196675392499295,141,74,Tachycardia
590,0.1348,22.68787773059365,89.0,0.12155586461915832,116,69,Tachycardia
591,0.4805,27.91128803907122,84.5,0.07320294297736811,143,77,Tachycardia
592,0.1895238095238095,54.920305898638254,55.0,0.07753150264439392,99,58,Tachycardia
593,0.06629508196721312,19.191288532966087,79.0,0.04576574033484565,121,68,Tachycardia
594,0.17472727272727273,6.386931924506792,69.0,0.040676837934920676,131,78,Tachycardia
595,0.37439999999999996,17.88622821511885,67.0,0.1346941173054444,114,60,Tachycardia
596,0.33,10.360959461790117,53.0,0.08727657816000824,143,74,Tachycardia
597,0.06472131147540984,23.928568467187688,70.0,0.04112496425987273,126,67,Tachycardia
598,0.22541176470588234,5.358571238146015,71.0,0.11774986367460016,130,73,Tachycardia
599,0.4072,11.56362622725007,47.0,0.04025717584857785,140,74,Tachycardia
600,0.36119999999999997,1.4826824027545538,82.0,0.08009883224701204,134,88,Tachycardia
601,0.06750413223140496,32.13124128736185,82.5,0.08163824136015621,120,83,Tachycardia
602,0.07927272727272727,16.874701643453005,64.0,0.04427567912527969,131,67,Tachycardia
603,0.5497142857142857,11.787175234126284,55.5,0.028757509788630804,144,76,Tachycardia
604,0.11588571428571429,19.283597767458822,64.5,0.038963325996687684,146,71,Tachycardia
605,0.1298360655737705,17.274539710864143,84.0,0.034873627911280604,115,62,Tachycardia
606,0.0,23.655020608741815,108.0,0.09093977641490793,127,76,Tachycardia
607,0.2612413793103448,13.883193276604468,76.0,0.03367190968962712,133,76,Tachycardia
608,0.07464,29.074850623442767,88.5,0.10587010832809508,113,71,Tachycardia
609,0.07558878504672897,1.019803902718557,88.5,0.091408829473681,115,62,Tachycardia
610,0.11120000000000001,22.94801887414105,79.0,0.11730273171300627,130,56,Tachycardia
611,0.15366666666666665,13.910959452870543,71.0,0.04973401799022865,135,86,Tachycardia
612,0.09133333333333332,3.8418745424597094,91.0,0.053485141133717454,134,82,Tachycardia
613,0.1015,1.98997487421324,94.5,0.07557943041018189,135,74,Tachycardia
614,0.12035820895522388,0.5,48.5,0.1335248761320322,89,66,Tachycardia
615,0.11290140845070422,8.096912991998865,90.0,0.08947947523801758,132,74,Tachycardia
616,0.15294117647058822,0.6849348892187752,97.0,0.09839194495114124,122,71,Tachycardia
617,0.048944099378881986,14.559683203971163,62.5,0.03197260495166636,144,72,Tachycardia
618,0.11087323943661971,0.6666666666666666,97.0,0.0958569918559501,122,75,Tachycardia
619,0.07774757281553399,0.7178482586514923,68.5,0.13886031351336972,119,58,Tachycardia
620,0.11314285714285714,9.864864700316755,60.0,0.0344515684727151,147,84,Tachycardia
621,0.05724031007751938,25.499693625610487,111.5,0.08047990599462508,113,69,Tachycardia
622,0.0,0.7797593804232335,53.0,0.10158348714430056,125,63,Tachycardia
623,0.08288659793814433,12.874393189583733,59.5,0.04822604274213817,140,81,Tachycardia
624,0.16817021276595745,0.47915742374995496,70.0,0.14910176315851648,107,69,Tachycardia
625,0.2700689655172414,9.545214042184236,53.0,0.039555172531803164,143,78,Tachycardia
626,0.11057534246575343,15.934544933013374,85.5,0.10404879717314044,114,67,Tachycardia
627,0.064192,5.115956448272683,56.0,0.050929103000338816,144,78,Tachycardia
628,0.08774193548387096,6.507495678062337,48.5,0.0543638767731622,119,68,Tachycardia
629,0.03389211618257262,0.6324555320336759,89.0,0.07297606941726073,64,52,Tachycardia
630,0.3412173913043478,14.619747748215538,50.0,0.04953606839028454,132,75,Tachycardia
631,0.10231578947368421,20.100431431936975,49.0,0.08166766225986664,136,80,Tachycardia
632,0.2537931034482759,0.7071067811865476,44.0,0.1302876814742643,102,66,Tachycardia
633,0.16310204081632654,12.262680511753265,63.0,0.03327081790556494,131,77,Tachycardia
634,0.08997752808988764,6.855330448312142,68.0,0.061841176295198544,136,64,Tachycardia
635,0.07696842105263159,18.21428011204396,97.5,0.07607781400076917,135,62,Tachycardia
636,0.4293333333333333,0.5150787536377128,69.0,0.13017502953362178,95,57,Tachycardia
637,0.06756302521008403,16.16812182244141,64.5,0.028032821040544477,122,72,Tachycardia
638,0.28257142857142853,0.24944382578492946,62.0,0.09272507779476508,91,46,Tachycardia
639,0.14883018867924527,31.040534674831363,72.0,0.10911039977836974,139,66,Tachycardia
640,0.07694117647058824,9.471136264742933,63.0,0.043249902091605015,138,84,Tachycardia
641,0.1670909090909091,11.39593278106787,52.0,0.04157629465647729,128,78,Tachycardia
642,0.13030508474576272,25.63161313372092,58.5,0.045414484340393045,132,89,Tachycardia
643,0.016,9.223109234126888,56.0,0.036028754545521575,143,83,Tachycardia
644,0.06688524590163936,10.878695728865923,52.0,0.04634264759767134,133,67,Tachycardia
645,0.13751724137931035,1.9115384481496378,59.0,0.06465446589006955,138,68,Tachycardia
646,0.13950877192982455,0.3142696805273545,55.0,0.13185153293729485,110,61,Tachycardia
647,0.18065116279069768,3.5,77.5,0.06528275533722057,130,72,Tachycardia
648,0.2939259259259259,6.468132241526728,73.0,0.09266331770646288,142,72,Tachycardia
649,0.122125,15.502624324505371,81.0,0.1130351972713898,124,71,Tachycardia
650,0.16622222222222222,7.315781650447531,87.0,0.056938945216961745,131,82,Tachycardia
651,0.05241176470588235,55.45769158156112,67.0,0.20769001328085268,57,44,Tachycardia
652,0.17053658536585364,14.139621242766331,55.0,0.03311861084194108,132,73,Tachycardia
653,0.4748235294117647,18.862267201133115,82.0,0.04613290622607542,132,74,Tachycardia
654,0.06375,5.1632625130234615,51.0,0.06930788571331307,127,68,Tachycardia
655,0.06301639344262294,8.221304260882212,60.0,0.03755959395545955,135,87,Tachycardia
656,0.06793220338983051,20.260114072290467,76.0,0.06876669279518481,110,72,Tachycardia
657,0.40168421052631575,0.3651483716701107,62.0,0.08204295876233433,100,54,Tachycardia
658,0.018214285714285714,11.355505272774083,45.0,0.031331761742131446,143,77,Tachycardia
659,0.20505263157894738,73.31675755770648,131.0,0.13124146175525286,59,44,Tachycardia
660,0.09697560975609755,0.653834841531101,50.0,0.13169352554692607,115,59,Tachycardia
661,0.15824000000000002,0.4213250442347431,75.0,0.11985947007409188,113,78,Tachycardia
662,0.18851282051282053,8.210765291169068,76.0,0.051811706317924755,107,75,Tachycardia
663,0.07341176470588234,6.798692684790379,66.0,0.059428004324584074,125,80,Tachycardia
664,0.09695238095238094,9.622023349240706,56.5,0.03615854287896833,143,78,Tachycardia
665,0.016,4.679283236776475,46.0,0.03270193597665396,147,83,Tachycardia
666,0.1091891891891892,15.67106321288451,56.0,0.0330624692253549,135,76,Tachycardia
667,0.25942857142857145,51.16518878309623,63.0,0.020914053508322088,108,63,Tachycardia
668,0.2888571428571428,9.943394478245343,54.5,0.036880226112125034,144,70,Tachycardia
669,0.23325,4.994806991847948,58.0,0.13181154346062263,80,52,Tachycardia
670,0.13164912280701754,9.437086083638318,57.0,0.04312473926948976,138,77,Tachycardia
671,0.0,0.7717224601860151,63.0,0.07706480329207294,91,61,Tachycardia
672,0.08152,8.084046050958433,48.0,0.016864084380765414,122,61,Tachycardia
673,0.1596862745098039,9.386094258641279,56.0,0.04296383113829656,140,83,Tachycardia
674,0.12482539682539683,3.4601038046712334,56.0,0.051588485389811124,144,74,Tachycardia
675,0.10915068493150684,15.721181748060657,60.0,0.09797572936693227,121,67,Tachycardia
676,0.016,7.8668608733089975,46.0,0.037746915921277366,150,81,Tachycardia
677,0.051444444444444445,46.68872170764453,133.0,0.21730915391650515,60,38,Tachycardia
678,0.09902439024390244,25.82938297353207,98.0,0.045339643841680814,129,66,Tachycardia
679,0.088,28.481697642375817,66.0,0.12797480323890018,131,92,Tachycardia
680,0.20821052631578948,5.0373604199024715,58.0,0.1055426766231205,125,62,Tachycardia
681,0.256,5.443588252359328,72.0,0.1151373574714955,126,88,Tachycardia
682,0.06949565217391304,18.63401906907543,65.0,0.11858590738792439,121,76,Tachycardia
683,0.04601183431952663,67.68899467417137,62.5,0.03429191079914852,138,70,Tachycardia
684,0.10535064935064935,19.64054136351397,52.0,0.03942655068771491,149,94,Tachycardia
685,0.08624175824175825,0.5,71.5,0.15000116941857772,90,56,Tachycardia
686,0.3728,0.9294650748918902,77.0,0.10546242876822191,133,89,Tachycardia
687,0.053933774834437086,23.701803944090027,65.0,0.10891860416584101,136,66,Tachycardia
688,0.224,0.9165151389911679,97.5,0.10435952242753702,134,86,Tachycardia
689,0.2515,27.423068598499782,44.0,0.10989214025041072,111,68,Tachycardia
690,0.16563636363636364,11.088169371000786,45.5,0.04518211361674458,142,72,Tachycardia
691,0.041304347826086954,20.205518448645325,53.0,0.06215624127283985,145,65,Tachycardia
692,0.11961290322580645,18.374952758820605,84.0,0.061397508821380446,120,69,Tachycardia
693,0.23152941176470587,58.265402623316206,94.0,0.1583874980112706,81,44,Tachycardia
694,0.0,58.62877564245508,76.0,0.030519412528351393,137,73,Tachycardia
695,0.01969682151589242,1.3266499161421599,49.0,0.07753107721326959,134,76,Tachycardia
696,0.19063414634146342,0.21794494717703367,48.0,0.12207475899779964,88,52,Tachycardia
697,0.1461818181818182,8.021439416009395,48.0,0.0143783323484041,124,74,Tachycardia
698,0.1232,3.5993078919478485,59.0,0.06028450657318318,134,79,Tachycardia
699,0.25109677419354837,36.29292590282899,44.0,0.0873121772652116,106,66,Tachycardia
700,0.1491320754716981,16.648230544022194,47.5,0.04811782875610162,144,80,Tachycardia
701,0.14128571428571426,13.40440243110999,42.0,0.054578016301598045,135,78,Tachycardia
702,0.03206477732793522,5.997069596894804,61.0,0.04113144643733245,138,80,Tachycardia
703,0.1367017543859649,24.432493641913222,64.0,0.0815412740911436,135,54,Tachycardia
704,0.14530909090909092,10.025276696406248,48.0,0.042558489564314975,147,83,Tachycardia
705,0.07288073394495413,9.958556095447413,51.5,0.06598381674586526,139,76,Tachycardia
706,0.10088311688311688,5.0464966093005215,59.0,0.12751439013415689,112,74,Tachycardia
707,0.32127999999999995,2.074983266331455,77.0,0.07221261094468792,137,77,Tachycardia
708,0.09945679012345679,14.046589147072918,65.0,0.12670868835437807,119,79,Tachycardia
709,0.44,7.76275645706049,54.0,0.04866638092224464,140,77,Tachycardia
710,0.2361290322580645,9.910340243906866,61.5,0.043431906390646466,149,72,Tachycardia
711,0.15683333333333335,0.5734883511361751,62.0,0.13574303698357826,111,78,Tachycardia
712,0.12735483870967743,9.999111071601426,65.0,0.04178145196070333,137,77,Tachycardia
713,0.25375,0.5578749768504754,66.0,0.131911127498794,115,64,Tachycardia
714,0.35127272727272724,0.9166442529086912,77.0,0.09833163999274364,143,79,Tachycardia
715,0.1365818181818182,19.425740011644343,50.5,0.02361375790297217,103,61,Tachycardia
716,0.3405217391304348,0.33993463423951903,61.0,0.08901229297853958,99,53,Tachycardia
717,0.06902857142857143,37.88695669492742,91.0,0.07302836953048156,133,79,Tachycardia
718,0.22080000000000002,0.9609731462195507,69.0,0.10993569078034358,135,66,Tachycardia
719,0.31104000000000004,0.39999999999999997,61.0,0.08662669131428777,108,61,Tachycardia
720,0.4386666666666667,1.3819269959814167,82.0,0.09255724244177206,145,75,Tachycardia
721,0.1076470588235294,8.955957998643662,68.0,0.051643932557179424,145,70,Tachycardia
722,0.09317647058823529,45.994609817144934,91.0,0.059538664259239135,125,76,Tachycardia
723,0.43011764705882355,12.86225096940656,61.0,0.041504384636396954,144,74,Tachycardia
724,0.2308235294117647,51.46707078317164,98.0,0.1203150211127086,96,53,Tachycardia
725,0.15616666666666665,5.31413210223457,63.0,0.0935841587627352,113,60,Tachycardia
726,0.0659016393442623,14.139189038508068,48.5,0.06215112694864457,118,66,Tachycardia
727,0.08738461538461538,15.477030126560507,75.0,0.03537467837308374,130,80,Tachycardia
728,0.3768,5.9404760918925605,79.0,0.024083881846166954,144,75,Tachycardia
729,0.1135774647887324,12.66360067306769,52.0,0.13160471269996707,101,56,Tachycardia
730,0.0,37.71915130275335,107.0,0.05289297716686934,133,70,Tachycardia
731,0.17454545454545453,12.317432191916835,49.5,0.12631192604900776,133,67,Tachycardia
732,0.051303225806451615,3.94002658922621,46.0,0.061868701532810814,135,69,Tachycardia
733,0.07695238095238095,14.757790740597068,57.0,0.04523499784093816,127,72,Tachycardia
734,0.2945185185185185,7.403282633399862,55.5,0.03243268064623207,137,76,Tachycardia
735,0.07092857142857142,25.68212274270623,63.5,0.04178634649948739,136,80,Tachycardia
736,0.16561702127659575,10.815501340764447,49.0,0.13423241558980312,111,62,Tachycardia
737,0.12596825396825395,0.6698906348083081,51.0,0.10572450284586558,108,56,Tachycardia
738,0.14892307692307694,23.831012562694724,72.0,0.04849480094761941,138,66,Tachycardia
739,0.0,0.0,46.0,0.02154535650162871,140,80,Tachycardia
740,0.27415384615384614,44.24576250896802,106.0,0.0465416417129072,84,60,Ventricular_Flutter_Fib
741,0.1812093023255814,19.247654979820847,66.5,0.052446675025797945,128,65,Ventricular_Flutter_Fib
742,0.03428571428571429,20.351794897638776,66.0,0.0644960696717569,121,67,Ventricular_Flutter_Fib
743,0.136,22.627416997969522,63.0,0.029423456189056885,129,70,Ventricular_Flutter_Fib
744,0.5445714285714286,37.25023821284342,97.0,0.06265382942679694,70,46,Ventricular_Flutter_Fib
745,0.12613333333333335,32.84029852331723,57.0,0.037360568947116764,135,70,Ventricular_Flutter_Fib
746,0.12786885245901639,30.11811069300291,66.0,0.03177991571499071,125,71,Ventricular_Flutter_Fib
747,0.16,27.359755353762786,68.0,0.043941642686930335,132,77,Ventricular_Flutter_Fib
748,0.16991304347826086,18.418551939703498,78.0,0.040824345297850895,124,65,Ventricular_Flutter_Fib
749,0.03324590163934426,31.354575025026254,45.5,0.08087338659529486,120,65,Ventricular_Flutter_Fib
750,0.03330612244897959,37.57020975662799,74.0,0.11045633080383539,115,63,Ventricular_Flutter_Fib
751,0.12986666666666669,118.87493427968741,183.5,0.008023933817884013,94,62,Ventricular_Flutter_Fib
752,0.15936,20.96009169319119,64.0,0.03919173883004718,128,71,Ventricular_Flutter_Fib
753,0.047625730994152043,10.302372973683728,47.5,0.1521591968122174,116,79,Ventricular_Flutter_Fib
754,0.13089655172413794,25.703842125254347,79.5,0.03484429481366992,133,69,Ventricular_Flutter_Fib
755,0.033278688524590164,23.533994324994833,60.0,0.055872440411361746,114,64,Ventricular_Flutter_Fib
756,0.033278688524590164,63.395898920986994,56.5,0.05498493188766732,117,72,Ventricular_Flutter_Fib
757,0.1806829268292683,20.635891063872187,95.5,0.03333464311969956,124,67,Ventricular_Flutter_Fib
758,0.16956521739130434,17.35175303343536,75.0,0.05151466435705497,115,70,Ventricular_Flutter_Fib
759,0.033278688524590164,77.47862608487583,81.5,0.054697997692095775,100,57,Ventricular_Flutter_Fib
760,0.03337704918032786,20.33879708012907,45.0,0.09111962463053275,101,65,Ventricular_Flutter_Fib
761,0.033278688524590164,57.87530579105534,98.0,0.03173896369005149,108,62,Ventricular_Flutter_Fib
762,0.03344855967078189,49.316313380382546,91.0,0.08414828797667265,102,61,Ventricular_Flutter_Fib
763,0.204,22.67885752220329,85.0,0.036123687714190035,119,64,Ventricular_Flutter_Fib
764,0.12580645161290324,41.10981061651367,65.0,0.03027752925935584,135,70,Ventricular_Flutter_Fib
765,0.35963636363636364,17.96914021315433,91.0,0.035752429953309656,79,48,Ventricular_Flutter_Fib
766,0.18146341463414634,22.46153846153846,72.0,0.05028331587264785,130,72,Ventricular_Flutter_Fib
767,0.332,30.765942369388643,97.0,0.046211702530554746,84,49,Ventricular_Flutter_Fib
768,0.27013333333333334,28.757176610570976,78.0,0.08676807274523132,80,51,Ventricular_Flutter_Fib
769,0.37142857142857144,22.992390045404154,97.0,0.06608779740591021,88,49,Ventricular_Flutter_Fib
770,0.08313402061855671,34.48751787080202,70.0,0.10392682372024163,76,39,Ventricular_Flutter_Fib
771,0.09254545454545454,53.73441871930915,122.0,0.0691655396116538,90,47,Ventricular_Flutter_Fib
772,0.06032592592592592,21.892058428165726,43.0,0.1134289463867778,105,80,Ventricular_Flutter_Fib
773,0.27614814814814814,41.10270184264572,96.0,0.04719443990057555,70,40,Ventricular_Flutter_Fib
774,0.09915789473684211,69.80143265005383,85.0,0.05689202932551792,89,62,Ventricular_Flutter_Fib
775,0.17351111111111112,29.160932769717775,83.0,0.03897449726978451,126,72,Ventricular_Flutter_Fib
776,0.13453333333333334,37.074662672031124,49.0,0.007443848946230512,99,60,Ventricular_Flutter_Fib
777,0.358,26.57837466813951,96.5,0.04595366902965906,81,51,Ventricular_Flutter_Fib
778,0.033278688524590164,31.90844340187372,67.0,0.04317707155927174,120,68,Ventricular_Flutter_Fib
779,0.0332734693877551,0.0,527.0,0.02465980505180673,89,48,Ventricular_Flutter_Fib
780,0.17955555555555555,21.531449226309032,83.0,0.034115341196291185,124,63,Ventricular_Flutter_Fib
781,0.120125,31.904388412881385,98.0,0.03588626645177146,127,74,Ventricular_Flutter_Fib
782,0.11431884057971015,128.49392008962914,148.0,0.06055911713820726,87,42,Ventricular_Flutter_Fib
783,0.15764705882352942,21.340330883616172,67.0,0.036359013055842805,130,67,Ventricular_Flutter_Fib
784,0.398,21.606480509328676,97.0,0.083188975442748,74,55,Ventricular_Flutter_Fib
785,0.272,38.2519280559817,75.0,0.05776014442414361,79,49,Ventricular_Flutter_Fib
786,0.16,53.18962119125437,68.0,0.049191696081218574,84,47,Ventricular_Flutter_Fib
787,0.12393442622950819,41.96712999479473,77.0,0.03671640599662069,132,72,Ventricular_Flutter_Fib
788,0.03337704918032786,52.70303003623226,136.5,0.05471160414225866,114,58,Ventricular_Flutter_Fib
789,0.03330612244897959,80.18104514160439,125.0,0.05365223640896692,79,50,Ventricular_Flutter_Fib
790,0.20259459459459458,32.294172543152634,84.0,0.024684445140335846,124,65,Ventricular_Flutter_Fib
791,0.03330612244897959,14.21486136889925,51.0,0.0591944859972442,117,71,Ventricular_Flutter_Fib
792,0.03344855967078189,20.97972259899016,64.0,0.11416506611326313,108,57,Ventricular_Flutter_Fib
793,0.1365714285714286,22.90174220268771,119.0,0.08748085979917654,87,49,Ventricular_Flutter_Fib
794,0.14584615384615385,19.461322040281733,68.5,0.032439714427628163,130,78,Ventricular_Flutter_Fib
795,0.4602352941176471,29.28067664333183,82.0,0.0399651522909763,76,54,Ventricular_Flutter_Fib
796,0.437,27.78934928860871,88.0,0.06914051415943945,86,47,Ventricular_Flutter_Fib
797,0.2987692307692308,42.993458804799594,99.0,0.05281334693662664,90,60,Ventricular_Flutter_Fib
798,0.08387096774193549,33.826742685485684,60.0,0.11916947147944064,75,41,Ventricular_Flutter_Fib
799,0.22375757575757574,51.33380952160087,75.0,0.04289696664202071,123,69,Ventricular_Flutter_Fib
800,0.07586206896551724,15.0,56.0,0.02719960935667108,49,43,Ventricular_Flutter_Fib
801,0.06478048780487805,0.0,935.0,0.016972237424582412,96,57,Ventricular_Flutter_Fib
802,0.44376470588235295,36.869491113927786,96.5,0.04130605487246768,92,43,Ventricular_Flutter_Fib
803,0.20955555555555555,38.33549269280362,87.5,0.04811930393924204,82,45,Ventricular_Flutter_Fib
804,0.03324590163934426,93.44003424656906,170.0,0.03668382163165412,108,54,Ventricular_Flutter_Fib
805,0.14822641509433962,26.665624979654154,69.5,0.04960537502757268,118,72,Ventricular_Flutter_Fib
806,0.0,0.0,163.0,0.0716439871472477,38,35,Ventricular_Flutter_Fib
807,0.13379310344827589,27.273690008260097,61.0,0.045503342562560424,125,69,Ventricular_Flutter_Fib
808,0.033344262295081965,33.728642157299305,66.0,0.10001464557847303,106,60,Ventricular_Flutter_Fib
809,0.016,49.41575322371062,58.5,0.012541045158701209,76,48,Ventricular_Flutter_Fib
810,0.196,27.34298610044062,72.0,0.03935070727534873,125,81,Ventricular_Flutter_Fib
811,0.0,14.452124595554931,67.0,0.10144107326915268,84,40,Ventricular_Flutter_Fib
812,0.033344262295081965,22.69162229154677,62.5,0.0780798135207203,120,67,Ventricular_Flutter_Fib
813,0.293,30.330842388565472,89.0,0.0406957868029051,83,46,Ventricular_Flutter_Fib
814,0.31904000000000005,21.532301316858817,98.0,0.04643381269682643,85,43,Ventricular_Flutter_Fib
815,0.17813333333333334,33.52327549628765,85.5,0.03392984183325603,121,71,Ventricular_Flutter_Fib
816,0.033344262295081965,161.25334105065855,71.0,0.06482185036586821,108,65,Ventricular_Flutter_Fib
817,0.16782978723404254,32.87491444855789,93.5,0.033978325842430095,131,65,Ventricular_Flutter_Fib
818,0.034430379746835445,74.32735401960409,107.5,0.04722658950881824,91,55,Ventricular_Flutter_Fib
819,0.3892,32.748129717588455,78.5,0.04351021566235015,88,45,Ventricular_Flutter_Fib
820,0.03324590163934426,14.716937021476909,48.0,0.07153926406079333,123,69,Ventricular_Flutter_Fib
821,0.15109433962264152,39.289979375647974,63.0,0.051262801866243345,126,67,Ventricular_Flutter_Fib
822,0.1585,25.688324196023377,80.0,0.03273036965539829,120,68,Ventricular_Flutter_Fib
823,0.0332734693877551,0.0,499.0,0.03590497233846078,95,46,Ventricular_Flutter_Fib
824,0.03432911392405063,16.012495120998476,68.0,0.09646633885239143,117,62,Ventricular_Flutter_Fib
825,0.3387826086956522,42.7638866334668,124.0,0.050797799971748235,81,57,Ventricular_Flutter_Fib
826,0.20844444444444446,32.85857499060516,62.0,0.09016595892095831,77,39,Ventricular_Flutter_Fib
827,0.08645161290322581,80.77540879913062,312.0,0.015263051630967814,98,54,Ventricular_Flutter_Fib
828,0.034666666666666665,24.329590914827158,67.0,0.07640955256244654,112,69,Ventricular_Flutter_Fib
829,0.15103999999999998,26.652027662307358,71.0,0.026924732116260047,130,76,Ventricular_Flutter_Fib
830,0.03330612244897959,51.370999521488145,70.0,0.04803959987950737,102,62,Ventricular_Flutter_Fib
831,0.0332734693877551,77.81316655225444,71.0,0.08923144911768292,111,68,Ventricular_Flutter_Fib
832,0.1727659574468085,23.166492840577842,66.0,0.03586955629941247,126,73,Ventricular_Flutter_Fib
833,0.11846808510638297,76.40314129667706,66.0,0.028021781181977682,66,32,Ventricular_Flutter_Fib
834,0.22125714285714287,48.838611773882356,82.5,0.02901978870347924,131,69,Ventricular_Flutter_Fib
835,0.13333333333333333,27.390352406617147,85.0,0.03266111436867998,118,70,Ventricular_Flutter_Fib
836,0.3243333333333333,21.482318310647944,83.0,0.09435971323917622,70,55,Ventricular_Flutter_Fib
837,0.03330612244897959,9.802525499729114,46.0,0.16371075592656886,123,71,Ventricular_Flutter_Fib
838,0.11606153846153847,28.921381035347114,86.0,0.04926671368588618,135,72,Ventricular_Flutter_Fib
839,0.16653061224489796,24.598300528469217,69.0,0.03923845817747318,124,65,Ventricular_Flutter_Fib
840,0.033278688524590164,20.94925043408475,55.0,0.11662945848898601,118,68,Ventricular_Flutter_Fib
841,0.14055172413793104,15.456030825826174,67.0,0.03577906252410259,129,67,Ventricular_Flutter_Fib
842,0.03436909871244635,0.0,171.0,0.019825473368666552,102,62,Ventricular_Flutter_Fib
843,0.03324590163934426,266.5,397.5,0.018453808655294265,88,48,Ventricular_Flutter_Fib
844,0.23017142857142858,46.51403611336642,79.0,0.08148217337535305,82,46,Ventricular_Flutter_Fib
845,0.03330612244897959,37.3926866880608,64.0,0.05433221702313671,122,70,Ventricular_Flutter_Fib
846,0.37485714285714283,34.2996958558304,109.0,0.1044293640428727,68,56,Ventricular_Flutter_Fib
847,0.19540000000000002,116.56281091707118,129.0,0.029803131484523255,112,72,Ventricular_Flutter_Fib
848,0.16904347826086957,32.69877484774024,97.0,0.03288866285688605,129,78,Ventricular_Flutter_Fib
849,0.25985185185185183,23.921538412067065,97.5,0.04501284364179664,77,49,Ventricular_Flutter_Fib
850,0.1427142857142857,20.601692941749125,83.0,0.033435553421986584,126,70,Ventricular_Flutter_Fib
851,0.0332734693877551,20.223748416156685,45.5,0.10746788110207668,115,62,Ventricular_Flutter_Fib
852,0.084,142.09464764335388,213.0,0.034892016170254746,124,64,Ventricular_Flutter_Fib
853,0.16016,23.475016270258237,73.5,0.03195883433810541,123,69,Ventricular_Flutter_Fib
854,0.033475409836065576,75.87516062585964,107.0,0.030933188302736312,107,67,Ventricular_Flutter_Fib
855,0.15444897959183673,0.0,43.0,0.09162082344486334,44,27,Ventricular_Flutter_Fib
856,0.26193548387096777,34.72141110163711,77.5,0.04074539825949534,87,46,Ventricular_Flutter_Fib
857,0.17544186046511628,16.211983295293145,71.0,0.0296180621498102,119,64,Ventricular_Flutter_Fib
858,0.03330612244897959,10.215408490957135,44.0,0.1429516815741649,118,69,Ventricular_Flutter_Fib
859,0.038,17.030199108081494,45.0,0.08228836574143641,125,74,Ventricular_Flutter_Fib
860,0.03358024691358025,56.947881650591675,117.0,0.030494890722137166,105,59,Ventricular_Flutter_Fib
861,0.15245283018867925,20.645213781189238,86.0,0.045576012115152845,122,69,Ventricular_Flutter_Fib
862,0.16459574468085106,29.447810677858687,79.0,0.03835234858982717,121,73,Ventricular_Flutter_Fib
863,0.033278688524590164,21.907279358443596,47.0,0.08649881188473214,115,61,Ventricular_Flutter_Fib
864,0.35563636363636364,31.215541001238467,97.5,0.06089491077846422,75,60,Ventricular_Flutter_Fib
865,0.18641860465116278,18.24280680158621,89.5,0.033430780201340354,122,62,Ventricular_Flutter_Fib
866,0.32448,25.047155527125227,97.0,0.07503576177243625,84,46,Ventricular_Flutter_Fib
867,0.03133333333333333,4.4969125210773475,47.0,0.013206714642521971,85,42,Ventricular_Flutter_Fib
868,0.1584,21.452790546272116,67.5,0.03822068103900416,128,74,Ventricular_Flutter_Fib
869,0.1390188679245283,41.6393652052223,113.0,0.05491227977102793,93,46,Ventricular_Flutter_Fib
870,0.1434181818181818,23.092056113641235,66.0,0.03860695840483978,130,69,Ventricular_Flutter_Fib
871,0.028519298245614035,0.0,652.0,0.01633058565186607,103,73,Ventricular_Flutter_Fib
872,0.033278688524590164,28.11791748957624,66.0,0.0424992821752379,119,65,Ventricular_Flutter_Fib
873,0.10597260273972603,24.355440870573457,72.5,0.03475265884769319,122,68,Ventricular_Flutter_Fib
874,0.161,21.494569754373305,90.0,0.030573232773653848,117,71,Ventricular_Flutter_Fib
875,0.10378378378378379,36.28718782159896,81.5,0.04409430595790926,123,69,Ventricular_Flutter_Fib
876,0.1159344262295082,26.582166394933537,68.0,0.03385391026619864,127,72,Ventricular_Flutter_Fib
877,0.03337704918032786,36.03285811457822,55.0,0.051623413445433745,122,59,Ventricular_Flutter_Fib
878,0.3793684210526316,23.98833049630591,96.5,0.0435047858303512,74,48,Ventricular_Flutter_Fib
879,0.1051578947368421,22.399017307269553,60.0,0.0650955190497373,124,72,Ventricular_Flutter_Fib
880,0.03324590163934426,27.518049632115204,71.5,0.07232491316825611,121,63,Ventricular_Flutter_Fib
881,0.12734426229508197,17.613717823206876,81.0,0.04099054428834242,124,68,Ventricular_Flutter_Fib
882,0.033344262295081965,34.12507450628016,47.0,0.0540314277638336,119,68,Ventricular_Flutter_Fib
883,0.17043478260869566,17.005103755020382,83.0,0.04779438100932279,119,63,Ventricular_Flutter_Fib
884,0.05463945578231292,0.6324555320336759,86.0,0.0647088184406457,62,50,Ventricular_Flutter_Fib
885,0.08138775510204081,10.24996236066561,44.0,0.0994312813194494,79,51,Ventricular_Flutter_Fib
886,0.11889655172413793,16.0,57.0,0.015283629997148527,48,38,Ventricular_Flutter_Fib
887,0.43022222222222223,15.57594298910984,96.0,0.09819711532418644,83,57,Ventricular_Flutter_Fib
888,0.03414225941422594,53.46923113049177,71.0,0.07738031026613408,108,63,Ventricular_Flutter_Fib
889,0.44,30.685664405386433,96.0,0.05067694488124679,89,42,Ventricular_Flutter_Fib
890,0.03330612244897959,53.88075539994902,67.0,0.038263434423177804,118,63,Ventricular_Flutter_Fib
891,0.14428571428571427,19.734234213670415,90.0,0.03767640338388368,127,73,Ventricular_Flutter_Fib
892,0.10263157894736842,18.285353884097148,63.0,0.03727088464517502,124,71,Ventricular_Flutter_Fib
893,0.5154285714285715,21.572204337990126,96.0,0.04580482644148837,82,49,Ventricular_Flutter_Fib
894,0.14035087719298248,17.643853194683853,82.5,0.04769428365142149,123,77,Ventricular_Flutter_Fib
895,0.03324590163934426,220.0,281.0,0.03590793563311397,91,55,Ventricular_Flutter_Fib
896,0.0,20.748995959644247,69.5,0.11283692889061812,77,48,Ventricular_Flutter_Fib
897,0.15744,19.317700528763982,81.0,0.03816101692987936,131,62,Ventricular_Flutter_Fib
898,0.3378181818181818,22.321358730049464,79.0,0.04803202019095558,91,49,Ventricular_Flutter_Fib
899,0.16834782608695653,18.415723957772848,72.5,0.03560672863534899,124,70,Ventricular_Flutter_Fib
900,0.03330612244897959,18.74989583304398,45.0,0.08495346006461064,116,54,Ventricular_Flutter_Fib
901,0.033278688524590164,90.12302702417402,120.0,0.02472032768341368,107,55,Ventricular_Flutter_Fib
902,0.1262372881355932,31.53195938742021,62.0,0.04143619150023383,129,70,Ventricular_Flutter_Fib
903,0.20184615384615384,23.211648201816647,65.0,0.12518724033234982,78,36,Ventricular_Flutter_Fib
904,0.16191999999999998,24.724594143394054,63.5,0.03608088372343666,121,70,Ventricular_Flutter_Fib
905,0.094,23.16215031253773,65.0,0.09497118811807154,68,46,Ventricular_Flutter_Fib
906,0.03337704918032786,36.775127464089095,85.0,0.058142768593616195,112,60,Ventricular_Flutter_Fib
907,0.033344262295081965,36.009367617510556,45.0,0.056427146894480355,122,69,Ventricular_Flutter_Fib
908,0.03324590163934426,10.03594647288676,49.0,0.08767309802970771,122,63,Ventricular_Flutter_Fib
909,0.07403636363636364,0.0,326.0,0.014201682229275713,110,61,Ventricular_Flutter_Fib
910,0.03324590163934426,12.676487420943284,69.0,0.1502883719166377,117,54,Ventricular_Flutter_Fib
911,0.15808000000000003,105.23069894284652,107.5,0.01761093176463008,98,56,Ventricular_Flutter_Fib
912,0.0332734693877551,18.191687662226393,49.5,0.05375583460918045,128,60,Ventricular_Flutter_Fib
913,0.20635897435897438,0.0,89.0,0.01204495250952218,122,65,Ventricular_Flutter_Fib
914,0.4103529411764706,26.52927569941936,84.0,0.07680112446101409,85,53,Ventricular_Flutter_Fib
915,0.15245283018867925,18.38534289409184,75.0,0.03444069003819456,122,78,Ventricular_Flutter_Fib
916,0.41136842105263155,20.521593565538126,98.0,0.05440633770592309,93,48,Ventricular_Flutter_Fib
917,0.0,89.19267533454378,54.0,0.03725953439450865,75,45,Ventricular_Flutter_Fib
918,0.3952,27.17478860639893,77.0,0.05476195249954142,83,55,Ventricular_Flutter_Fib
919,0.1781818181818182,37.159655541998774,78.0,0.04267593849605171,125,72,Ventricular_Flutter_Fib
920,0.11127272727272727,23.321872185187498,69.5,0.043368671683392535,128,75,Ventricular_Flutter_Fib
921,0.20968421052631578,17.93661679978201,78.0,0.05225713680222615,136,74,Ventricular_Flutter_Fib
922,0.06903448275862069,21.329413436637687,59.5,0.05369501827878578,120,70,Ventricular_Flutter_Fib
923,0.1543111111111111,22.523816595985387,77.0,0.04795050486016568,126,65,Ventricular_Flutter_Fib
924,0.10871232876712328,28.7220938945257,65.0,0.029098061292677408,117,65,Ventricular_Flutter_Fib
925,0.2700689655172414,4.996427295006474,68.0,0.06600633205197096,135,80,Ventricular_Tachycardia
926,0.4588235294117647,0.6798692684790381,65.0,0.11117870811171467,119,66,Ventricular_Tachycardia
927,0.07244859813084112,7.32006375199925,77.0,0.04538694547841247,140,85,Ventricular_Tachycardia
928,0.5077333333333334,10.164912384619075,72.0,0.08217737038983916,85,46,Ventricular_Tachycardia
929,0.12898245614035087,19.31479289274922,117.0,0.030171762686613188,141,87,Ventricular_Tachycardia
930,0.7687999999999999,8.357631243360764,96.0,0.09888984107797492,109,72,Ventricular_Tachycardia
931,0.03462127659574468,0.7000000000000001,94.0,0.05938308056089997,100,54,Ventricular_Tachycardia
932,0.21578378378378377,14.146737345225326,82.0,0.04711453783055827,122,80,Ventricular_Tachycardia
933,0.10275324675324676,42.684504707783134,77.0,0.09805269525304072,77,38,Ventricular_Tachycardia
934,0.14457142857142857,61.9922575810883,212.0,0.05801512149718422,94,61,Ventricular_Tachycardia
935,0.18616216216216216,33.07399112427904,132.0,0.023812953271060693,134,82,Ventricular_Tachycardia
936,0.061918699186991874,17.691457099995684,100.0,0.03861491129064204,146,77,Ventricular_Tachycardia
937,0.24387096774193548,0.4898979485566356,93.0,0.12290362368506111,115,71,Ventricular_Tachycardia
938,0.19785365853658535,34.993293818171765,56.0,0.1381373314907255,135,73,Ventricular_Tachycardia
939,0.3692,4.67332857821917,65.0,0.08315950233979252,105,65,Ventricular_Tachycardia
940,0.09013333333333334,6.783865662978103,84.5,0.062210399737137,118,69,Ventricular_Tachycardia
941,0.09123809523809524,27.11180554666177,96.0,0.030814730597067158,133,68,Ventricular_Tachycardia
942,0.10177215189873418,19.805127001752744,74.5,0.06295706801837403,129,61,Ventricular_Tachycardia
943,0.329,32.507691397575435,99.0,0.014931465272603802,63,44,Ventricular_Tachycardia
944,0.4645,12.19589258391395,67.0,0.08085193708461563,124,75,Ventricular_Tachycardia
945,0.13,9.34374419360652,76.0,0.0354428865622566,130,72,Ventricular_Tachycardia
946,0.10329113924050633,22.625613082233567,133.0,0.07151121467110218,107,74,Ventricular_Tachycardia
947,0.061168141592920354,2.747912008810192,134.0,0.054104310520991565,137,77,Ventricular_Tachycardia
948,0.14512,26.162420037569582,78.0,0.03591417416947185,126,65,Ventricular_Tachycardia
949,0.5513846153846154,14.070406225868064,67.0,0.03251151352845671,95,50,Ventricular_Tachycardia
950,0.481,11.427901766094692,66.5,0.03436269436612737,91,47,Ventricular_Tachycardia
951,0.11622857142857143,10.523040197585487,56.0,0.04623461753546508,129,72,Ventricular_Tachycardia
952,0.09468354430379747,15.50605913256122,70.0,0.026630481995336137,139,87,Ventricular_Tachycardia
953,0.2963076923076923,0.47915742374995496,67.0,0.09803997739444743,94,57,Ventricular_Tachycardia
954,0.18236363636363637,23.579320918974744,110.5,0.035778927556129,136,75,Ventricular_Tachycardia
955,0.3413333333333333,0.5,74.5,0.07905296307601375,73,47,Ventricular_Tachycardia
956,0.24103225806451614,7.170057337443141,78.0,0.037807553125516626,138,74,Ventricular_Tachycardia
957,0.05765714285714286,13.564659966250536,106.0,0.02737538394875783,146,91,Ventricular_Tachycardia
958,0.14035087719298248,1.02851895445316,87.0,0.12129885376294804,127,83,Ventricular_Tachycardia
959,0.15824000000000002,0.4898979485566356,99.0,0.0896496407178732,116,79,Ventricular_Tachycardia
960,0.06510344827586206,0.9162456945817024,99.0,0.0981978353236274,124,68,Ventricular_Tachycardia
961,0.13533333333333333,24.123449761639957,68.0,0.042589663048183485,124,73,Ventricular_Tachycardia
962,0.24882758620689654,21.849707600382715,66.5,0.027238469591331957,132,67,Ventricular_Tachycardia
963,0.1207142857142857,1.4866068747318506,94.0,0.0792202204747049,140,75,Ventricular_Tachycardia
964,0.27485714285714286,1.2058530725810093,72.0,0.11338280238672785,106,64,Ventricular_Tachycardia
965,0.2541935483870968,1.3323467750529827,71.0,0.06659778902399349,121,74,Ventricular_Tachycardia
966,0.07072566371681416,33.9050963065371,97.0,0.09679518407038605,107,61,Ventricular_Tachycardia
967,0.10112820512820513,19.570918050345348,70.5,0.06734014588791926,118,74,Ventricular_Tachycardia
968,0.822,1.8257418583505538,103.0,0.05236017891604521,131,67,Ventricular_Tachycardia
969,0.5876923076923077,20.40560925061756,78.5,0.030971156102142558,93,48,Ventricular_Tachycardia
970,0.1834285714285714,1.5620499351813308,91.0,0.06545127548292569,104,72,Ventricular_Tachycardia
971,0.3527619047619048,298.7331585211123,84.5,0.08901438881356284,103,66,Ventricular_Tachycardia
972,0.1465185185185185,7.007181438779526,79.0,0.14715413004723846,97,64,Ventricular_Tachycardia
973,0.32869565217391306,0.48650425541051995,73.0,0.08220981082796061,106,58,Ventricular_Tachycardia
974,0.768,0.4898979485566356,96.0,0.1370794160343107,54,35,Ventricular_Tachycardia
975,0.09532530120481929,18.726822409341644,125.0,0.07297215111276478,130,67,Ventricular_Tachycardia
976,0.07975757575757575,0.38569460791993504,81.0,0.13611424224252017,95,64,Ventricular_Tachycardia
977,0.1312258064516129,0.9958591954639384,86.0,0.10459021991360049,126,97,Ventricular_Tachycardia
978,0.5622857142857144,7.9376266704704195,73.0,0.040064470288976424,144,70,Ventricular_Tachycardia
979,0.7223999999999999,4.039924213932854,99.0,0.027746445363996577,122,65,Ventricular_Tachycardia
980,0.09891891891891892,12.71700523795686,76.5,0.033551342118791565,144,79,Ventricular_Tachycardia
981,0.07792307692307691,5.405758246742285,84.0,0.09808826099987583,122,72,Ventricular_Tachycardia
982,0.12854237288135592,41.646661864361285,86.0,0.036853312906043545,143,73,Ventricular_Tachycardia
983,0.0783529411764706,124.20370364848225,108.0,0.09098693278700466,129,76,Ventricular_Tachycardia
984,0.16116666666666665,1.6909686573085854,96.0,0.12787067636049626,122,78,Ventricular_Tachycardia
985,0.14382978723404255,12.942983942404215,77.5,0.03322515667558429,136,85,Ventricular_Tachycardia
986,0.34330434782608693,0.816496580927726,99.0,0.018513954799877004,76,56,Ventricular_Tachycardia
987,0.20082051282051283,1.1357816691600546,88.0,0.09611268071047685,135,68,Ventricular_Tachycardia
988,0.1708936170212766,0.6708203932499369,91.0,0.09939915992598322,130,51,Ventricular_Tachycardia
989,0.04945,0.9791208740244554,84.0,0.10029298876075472,119,65,Ventricular_Tachycardia
990,0.0807920792079208,61.76918405455452,80.0,0.12580170247619532,107,62,Ventricular_Tachycardia
991,0.12546666666666667,36.845020770187595,103.0,0.1149881839453277,115,81,Ventricular_Tachycardia
992,0.3203333333333333,1.7204650534085253,96.0,0.0705317068340933,119,68,Ventricular_Tachycardia
993,0.1995897435897436,1.1234866364235145,63.0,0.06765773515778394,130,69,Ventricular_Tachycardia
994,0.2113684210526316,1.0440306508910548,91.0,0.10913028636521419,102,65,Ventricular_Tachycardia
995,0.39410526315789474,9.24413769005271,67.0,0.0897121321157924,96,65,Ventricular_Tachycardia
996,0.1949268292682927,11.697863052711806,94.0,0.06523851414623981,125,71,Ventricular_Tachycardia
997,0.08654545454545455,13.616252926190818,57.5,0.02872685438822788,128,77,Ventricular_Tachycardia
998,0.05169620253164557,1.1636866703140785,77.5,0.12811293803479804,125,67,Ventricular_Tachycardia
999,0.3832,0.72160242458822,74.0,0.13525990961979123,106,52,Ventricular_Tachycardia
1000,0.3116666666666667,10.542319283144892,93.0,0.11737941276732704,110,69,Ventricular_Tachycardia
1001,0.3024,34.03692695726532,76.0,0.031248700892277124,89,49,Ventricular_Tachycardia
1002,0.5274666666666668,0.8813963377120598,83.0,0.06369886852802314,114,64,Ventricular_Tachycardia
1003,0.15074509803921568,7.216844202051641,77.0,0.04717254239671806,125,55,Ventricular_Tachycardia
1004,0.37360000000000004,119.8968306503554,209.0,0.12713595976022138,59,28,Ventricular_Tachycardia
1005,0.152,15.520595635763756,85.0,0.08150990014386024,122,86,Ventricular_Tachycardia
1006,0.09765853658536586,30.495901363953813,110.5,0.04546581391935492,131,77,Ventricular_Tachycardia
1007,0.09468235294117648,28.52054500887572,95.0,0.08555324254860874,148,76,Ventricular_Tachycardia
1008,0.09336585365853659,12.733376963276038,77.5,0.02787872607073656,139,73,Ventricular_Tachycardia
1009,0.19692307692307692,9.741149829460587,92.0,0.05334668591018749,140,74,Ventricular_Tachycardia
1010,0.08862222222222221,149.84621746607047,80.0,0.13736583874975755,108,63,Ventricular_Tachycardia
1011,0.5413333333333333,4.130523512800274,68.5,0.056205839434416364,143,61,Ventricular_Tachycardia
1012,0.06824778761061946,0.7810249675906654,96.5,0.05862307310069743,143,48,Ventricular_Tachycardia
1013,0.14035087719298248,36.312770259932215,98.0,0.07311566944856546,134,72,Ventricular_Tachycardia
1014,0.18046511627906978,32.982419559516856,82.0,0.03319296215711434,139,77,Ventricular_Tachycardia
1015,0.8,0.816496580927726,101.0,0.05826611454126431,91,53,Ventricular_Tachycardia
1016,0.2656,2.1868292622475636,66.0,0.06119777981355857,129,78,Ventricular_Tachycardia
1017,0.1405714285714286,211.96886563832908,115.0,0.05456492735653963,85,53,Ventricular_Tachycardia
1018,0.05834285714285714,6.3076923076923075,69.0,0.13070866704529338,128,67,Ventricular_Tachycardia
1019,0.2954074074074074,0.4898979485566356,96.0,0.02061651151957767,87,55,Ventricular_Tachycardia
1020,0.5157333333333334,9.826268648655782,75.0,0.1139126402313931,85,52,Ventricular_Tachycardia
1021,0.1596862745098039,8.947377020979697,76.0,0.036255914597592816,117,66,Ventricular_Tachycardia
1022,0.13880701754385966,33.963966499927,96.0,0.10903523613952688,127,80,Ventricular_Tachycardia
1023,0.326,4.358898943540674,93.0,0.07197464655279899,139,73,Ventricular_Tachycardia
1024,0.10275324675324676,17.693964758891344,70.0,0.05433682074581623,135,80,Ventricular_Tachycardia
1025,0.2425,0.5951190357119042,77.0,0.13336392518349427,110,66,Ventricular_Tachycardia
1026,0.3508571428571428,0.6849348892187752,100.0,0.018424421829580456,97,51,Ventricular_Tachycardia
1027,0.3668,44.82806660514767,99.0,0.052123913649427644,117,57,Ventricular_Tachycardia
1028,0.2487741935483871,0.7423074889580903,69.0,0.1325168070784561,113,70,Ventricular_Tachycardia
1029,0.08934831460674157,31.598889156398638,123.0,0.037945920179434524,136,79,Ventricular_Tachycardia
1030,0.13893333333333333,16.0,57.0,0.01511414891008777,50,40,Ventricular_Tachycardia
1031,0.15384615384615383,0.6102859818083951,71.0,0.13458445572785896,118,65,Ventricular_Tachycardia
1032,0.5901538461538461,14.048487463068756,62.0,0.060082829466206175,86,59,Ventricular_Tachycardia
1033,0.06767567567567567,26.637947498138445,99.0,0.04990183138007848,127,62,Ventricular_Tachycardia
1034,0.5247999999999999,46.245720522732334,84.0,0.15987184449767472,116,74,Ventricular_Tachycardia
1035,0.09764102564102564,11.14615119180305,70.0,0.04047957462085429,131,75,Ventricular_Tachycardia
1036,0.0881904761904762,25.784481886841153,85.0,0.04147061693554422,141,74,Ventricular_Tachycardia
1037,0.483,6.780825306460468,69.0,0.0839832997753693,102,64,Ventricular_Tachycardia
1038,0.19333333333333333,34.07817944153688,84.0,0.04235753095847204,136,78,Ventricular_Tachycardia
1039,0.17055319148936168,6.329231517145912,76.0,0.10103770482963645,125,62,Ventricular_Tachycardia
1040,0.08316666666666667,19.720794158000388,81.0,0.07699888529506191,146,74,Ventricular_Tachycardia
1041,0.35090909090909095,0.7178482586514923,69.0,0.1262024152557486,126,52,Ventricular_Tachycardia
1042,0.5926153846153847,11.395357241730803,75.5,0.02886413428305543,89,45,Ventricular_Tachycardia
1043,0.3556,24.019025380870758,84.0,0.08627491672048214,89,55,Ventricular_Tachycardia
1044,0.548923076923077,8.792142807525877,68.0,0.08534507416194508,122,71,Ventricular_Tachycardia
1045,0.14553846153846156,6.382348705609871,114.0,0.051271906752069274,136,84,Ventricular_Tachycardia
1046,0.12736507936507938,10.627704215201568,55.0,0.032131382231687794,132,83,Ventricular_Tachycardia
1047,0.23131428571428572,1.4360439485692011,63.0,0.05996383728394953,129,73,Ventricular_Tachycardia
1048,0.15984313725490196,8.012490249604053,98.0,0.09266380066463098,113,87,Ventricular_Tachycardia
1049,0.24266666666666667,20.512083320086663,70.0,0.030899411677847443,141,85,Ventricular_Tachycardia
1050,0.0,5.911577248258723,71.0,0.1283783814189069,83,34,Ventricular_Tachycardia
1051,0.24,13.854271124904653,70.0,0.026182780632666016,144,79,Ventricular_Tachycardia
1052,0.1751111111111111,34.70510689285432,94.0,0.049575517548858125,152,64,Ventricular_Tachycardia
1053,0.17,0.5,92.5,0.10937465323307036,106,66,Ventricular_Tachycardia
1054,0.12304761904761904,5.5,141.5,0.04586610760524641,67,36,Ventricular_Tachycardia
1055,0.17381818181818182,21.400162199122708,78.0,0.038449768095929274,128,63,Ventricular_Tachycardia
1056,0.03604123711340206,6.436503043467892,69.0,0.13729901321390497,109,62,Ventricular_Tachycardia
1057,0.12368253968253969,149.10622611637203,242.0,0.056493885497540294,149,73,Ventricular_Tachycardia
1058,0.584,3.591574624593462,73.0,0.17976144784219725,70,36,Ventricular_Tachycardia
1059,0.36228571428571427,0.6666666666666666,95.0,0.015344780667182999,92,57,Ventricular_Tachycardia
1060,0.5673846153846154,289.6783657016097,88.0,0.05763008647315503,107,65,Ventricular_Tachycardia
1061,0.7447999999999999,2.0024984394500787,93.5,0.04549662456450689,135,81,Ventricular_Tachycardia
1062,0.2,0.5385164807134505,93.0,0.14827117235326515,125,77,Ventricular_Tachycardia
1063,0.36419047619047623,0.8717797887081347,91.5,0.09670178754047097,116,63,Ventricular_Tachycardia
1064,0.0766530612244898,35.099154082170564,95.0,0.02454497898885621,130,78,Ventricular_Tachycardia
1065,0.09978378378378379,11.521040534604502,55.5,0.03509808566018876,131,74,Ventricular_Tachycardia
1066,0.09514285714285714,10.590271297461937,73.0,0.037499337980521893,130,81,Ventricular_Tachycardia
1067,0.5777142857142856,4.359577635478385,72.0,0.05552139171688747,122,73,Ventricular_Tachycardia
1068,0.2692413793103448,62.35583372868973,171.5,0.14528768671142966,54,25,Ventricular_Tachycardia
1069,0.5093333333333333,0.45175395145262565,78.0,0.12790131160844878,98,55,Ventricular_Tachycardia
1070,0.11837681159420291,35.69230769230769,64.0,0.0441989763025166,130,73,Ventricular_Tachycardia
1071,0.7527999999999999,2.0,104.0,0.06090850290513227,138,81,Ventricular_Tachycardia
1072,0.7937777777777778,1.286204100310025,99.0,0.07471890629170286,124,95,Ventricular_Tachycardia
1073,0.1144,14.262838827827068,132.0,0.09050222886195645,112,75,Ventricular_Tachycardia
1074,0.22925,0.7810249675906654,90.5,0.12311147925125906,89,61,Ventricular_Tachycardia
1075,0.2012307692307692,0.5890150893739515,69.0,0.1288121908619302,115,85,Ventricular_Tachycardia
1076,0.18228571428571427,0.6324555320336759,94.0,0.11318376209344777,123,73,Ventricular_Tachycardia
1077,0.2632258064516129,9.900329738226896,90.0,0.14813475035516266,84,57,Ventricular_Tachycardia
1078,0.25987096774193547,13.109961622750847,56.5,0.21348147299008843,115,72,Ventricular_Tachycardia
1079,0.10627027027027028,28.13750181278471,77.0,0.04457870495234552,125,71,Ventricular_Tachycardia
1080,0.05937777777777778,0.8717797887081347,97.0,0.09291398433252122,92,60,Ventricular_Tachycardia
1081,0.7416,1.7349351572897473,92.5,0.06367994615051666,123,76,Ventricular_Tachycardia
1082,0.3699047619047619,0.7483314773547882,93.0,0.11779622200152529,115,68,Ventricular_Tachycardia
1083,0.3024,203.50921355064,85.0,0.0925523989901298,123,70,Ventricular_Tachycardia
1084,0.5513846153846154,0.5,74.5,0.17786366037222018,60,34,Ventricular_Tachycardia
1085,0.28828571428571426,0.890448992522325,74.0,0.12340324916958122,112,67,Ventricular_Tachycardia
1086,0.1666086956521739,0.6324555320336759,91.0,0.11095670240428833,106,49,Ventricular_Tachycardia
1087,0.31295999999999996,0.7457969011409736,72.0,0.13285747829567163,126,61,Ventricular_Tachycardia
1088,0.06615652173913043,105.0,235.0,0.07459637753520652,93,45,Ventricular_Tachycardia
1089,0.28681481481481486,0.6324555320336759,97.0,0.020630569572008223,75,47,Ventricular_Tachycardia
1090,0.0,3.217458751301488,71.0,0.17065444700332577,60,39,Ventricular_Tachycardia
1091,0.5325714285714286,6.253162465211226,67.0,0.09374886279679073,88,60,Ventricular_Tachycardia
1092,0.32609523809523805,27.600769357679187,110.0,0.0428081708340041,74,43,Ventricular_Tachycardia
1093,0.30123076923076925,19.724432930704747,70.0,0.10269827466454232,121,63,Ventricular_Tachycardia
1094,0.18046511627906978,26.49621834860325,85.0,0.11793523274038997,116,72,Ventricular_Tachycardia
1095,0.54,12.922058343651551,66.5,0.06771313717935867,98,47,Ventricular_Tachycardia
1096,0.7928,1.9309052441091963,109.0,0.07084397922116116,102,58,Ventricular_Tachycardia
1097,0.31327999999999995,0.6998542122237652,69.0,0.12550519565043466,114,58,Ventricular_Tachycardia
1098,0.3151304347826087,1.2206555615733703,101.0,0.12033984641130548,68,40,Ventricular_Tachycardia
1099,0.28061538461538466,16.28364286004174,80.0,0.04289354189125247,148,88,Ventricular_Tachycardia
1100,0.14035087719298248,8.371578903249572,84.0,0.05358798260997173,118,64,Ventricular_Tachycardia
1101,0.16883333333333334,0.4948716593053935,69.0,0.12808252689435431,114,91,Ventricular_Tachycardia
1102,0.29984,1.2909944487358056,77.0,0.10434880251095528,130,68,Ventricular_Tachycardia
1103,0.2523870967741935,18.11213921039863,93.0,0.07265765707943614,119,75,Ventricular_Tachycardia
1104,0.36952380952380953,30.99909478599368,52.0,0.06584586617054365,129,81,Ventricular_Tachycardia
1105,0.1834418604651163,52.91030145444269,83.5,0.01598052239665113,103,70,Ventricular_Tachycardia
1106,0.1744,0.9558139185602919,97.0,0.06870364406557301,108,72,Ventricular_Tachycardia
1107,0.5476923076923077,0.372677996249965,74.0,0.07744627739295831,83,55,Ventricular_Tachycardia
1108,0.7744,7.3451083915726265,108.0,0.062515681620634,122,67,Ventricular_Tachycardia
1109,0.1335593220338983,0.4714045207910317,99.0,0.09354430094490292,109,76,Ventricular_Tachycardia
