ECG,PPG
0.5151287427667313,0.715756227074762
0.5536033330894279,0.773275816163273
0.5248340448301142,0.6834014582124746
0.5539499510202629,0.7265411500288579
0.5657349606686565,0.7400223037214776
0.5698943758386777,0.7409210473009856
0.5737071730778639,0.7535034574140974
0.5830658572104117,0.7894532005944167
0.5910380696196191,0.8361878667288319
0.5931177772046298,0.8757325842271833
0.5958907206513105,0.9206697632025824
0.6024764613371776,0.9718981472345376
0.61079529167722,1.0294177363230486
0.6159945606397467,1.0833423510935276
0.6194607399480977,1.1435581709205627
0.6225803013256136,1.2082677086451374
0.6243133909797891,1.2765722206877443
0.6246600089106242,1.3430792455713352
0.6250066268414594,1.406890039716402
0.6260464806339646,1.467105859543437
0.6253532447722945,1.521929217893424
0.6243133909797891,1.573157601925379
0.623620155118119,1.6243859859573342
0.6243133909797891,1.6729181392507655
0.6260464806339646,1.7232477797032124
0.6274329523573051,1.7726786765761517
0.6298592778731508,1.8257045477671228
0.6322856033889965,1.8742367010605538
0.6357517826973476,1.922768854353985
0.6381781082131933,1.9605160846933203
0.6406044337290391,1.9937695971351157
0.6395645799365337,2.0108457251457676
0.637138254420688,2.0252256224178953
0.6302058958039859,2.030618083894943
0.6243133909797891,2.044099237587563
0.6184208861555923,2.053086673382643
0.6159945606397467,2.0719602885523103
0.6118351454697254,2.080048980767882
0.6087155840922094,2.08993516014247
0.6017832254755073,2.080048980767882
0.594157630997135,2.0728590321318183
0.5820260034179064,2.052187929803135
0.5716274654928533,2.044099237587563
0.5598424558444597,2.0279218531564194
0.5518702434352523,2.0288205967359274
0.5418183234410343,2.021630648099863
0.5348859648243321,2.0270231095769113
0.5262205165534546,2.022529391679371
0.5189415400059174,2.0270231095769113
0.5078497662191941,2.022529391679371
0.497797846224976,2.0261243659974033
0.48601283657658245,2.022529391679371
0.47665415244403464,2.0261243659974033
0.46660223244981663,2.022529391679371
0.45897663797144433,2.0252256224178953
0.45204427935474223,2.022529391679371
0.4458051565997104,2.0252256224178953
0.4381795621213381,2.022529391679371
0.4315938214354711,2.0243268788383872
0.4263945524729445,2.022529391679371
0.4239682269570988,2.0243268788383872
0.4222351373029233,2.022529391679371
0.42154190144125303,2.023428135258879
0.42015542971791264,2.022529391679371
0.4177291042020669,2.0243268788383872
0.4121832173087052,2.022529391679371
0.40663733041534356,2.023428135258879
0.4000515897294766,2.023428135258879
0.39658541042112555,2.0252256224178953
0.39207937732026915,2.0261243659974033
0.39069290559692876,2.0270231095769113
0.3875733442194128,2.0189344173613395
0.3861868724960724,2.0045545200892114
0.38202745732605115,1.973098494806432
0.38029436767187563,1.9335537773080809
0.378214660086865,1.8814266496966177
0.3806409856027107,1.8328944964031866
0.3834139290493916,1.7825648559507394
0.39207937732026915,1.743918882031896
0.4021312973144872,1.7052729081130529
0.4177291042020669,1.6756143699892894
0.43367352902048173,1.637867139649954
0.4555104586630933,1.6055123707876666
0.48462636485324206,1.5596764482327594
0.5283002241384652,1.5174354999958841
0.5868786544495979,1.4599159109073732
0.6645210709566612,1.404193808977878
0.7529086433196128,1.3358892969352711
0.8409495977517294,1.2720785027902044
0.9109664197804205,1.2010777600090736
0.9574132225123245,1.1408619401820386
0.9771704445699254,1.0788486331959877
0.9761305907774201,1.0303164799025566
0.9598395480281702,0.9817843266091254
0.9383492363163938,0.9449358398492981
0.912699509434596,0.9071886095099627
0.8811572777286015,0.8775300713861992
0.8381766543050486,0.8415803282058798
0.783411021233102,0.8065293286050684
0.7179002323052673,0.7642883803681932
0.647190174414906,0.7229461757108259
0.5761334985937097,0.6780089967354267
0.5133956531125557,0.6384642792370754
0.4638292890031358,0.602514536056756
0.4298607317812956,0.5728559979329926
0.4094102738620244,0.5458936905477529
0.401438061452817,0.5216276139010374
0.4017846793836521,0.49646279367481383
0.4069839483461787,0.4721967170280983
0.41183659937787015,0.4470318968018747
0.41668925040956156,0.42096833299614317
0.41668925040956156,0.3958035127699196
0.4191155759254073,0.3670437182256641
0.41322307110121054,0.33558769294288465
0.41842234006373713,0.3005366933420733
0.41426292489371586,0.260093232264214
0.4253546986804392,0.2187510276068467
0.424661462818769,0.17651007936997143
0.4340201469513168,0.1378641054511281
0.434713382812987,0.10281310585031671
0.4392194159138434,0.07135708056753726
0.4381795621213381,0.0399010552847578
0.43783294419050295,0.004850055683946408
0.4322870572971413,-0.034694661814404906
0.42258175523375835,-0.07963184078980412
0.40317115110699253,-0.12816399408323528
0.3789078959485352,-0.17939237811519038
0.35915067389093425,-0.22972201856763752
0.36746950423097674,-0.27825417186106866
0.4399126517755136,-0.3231913508364679
0.6253532447722945,-0.3627360683348192
0.9608794018206755,-0.3968883243561226
1.4586227504998854,-0.4238506317413621
2.0759492853172063,-0.44362299049053777
2.7206586366705006,-0.4580028877626655
3.2624224625657687,-0.46788906713725337
3.5785380154873843,-0.4759777593528252
3.595868912029139,-0.48406645156839706
3.322387364600242,-0.4948513745224929
2.8385087331544363,-0.5110287589536366
2.2683222369306892,-0.5308011177028122
1.7241320855195754,-0.5541684507700199
1.27422201129561,-0.5784345274167354
0.9310702597688566,-0.602700604063451
0.6756128447433846,-0.6251691935511506
0.4804669496832208,-0.6440428087208183
0.33454080080164184,-0.6584227059929461
0.23922086982198812,-0.6683088853675339
0.20143951536096175,-0.6746000904240897
0.2146109967326957,-0.6772963211626137
0.2572450022254136,-0.6799925519011377
0.3023053332339771,-0.6835875262191696
0.32795506011577485,-0.6925749620142495
0.331767857354961,-0.7042586285478533
0.3175565221907217,-0.7222335001380129
0.298492535994791,-0.7429046024666965
0.2867075263463974,-0.7680694226929201
0.2790819318680251,-0.7923354993396358
0.2846278187613868,-0.8175003195658593
0.28844061600057297,-0.8372726783150349
0.3009188615106367,-0.8561462934847026
0.3095843097815143,-0.8669312164387984
0.3213693194299079,-0.8750199086543703
0.32968814976995037,-0.8732224214953543
0.338353598040828,-0.8687287035978144
0.34251301321084926,-0.8534500627461786
0.34736566424254073,-0.8399689090535589
0.35048522562005663,-0.8192978067248753
0.3546446407900779,-0.8058166530322555
0.35672434837508854,-0.7914367557601277
0.35811082009842893,-0.7860442942830799
0.3563777304442534,-0.7815505763855399
0.3539514049284077,-0.7851455507035718
0.3459791925192003,-0.7896392686011118
0.3376603621791578,-0.8022216787142236
0.3258753525307642,-0.8148040888273353
0.31686328632905153,-0.834576447576511
0.3081978380581739,-0.8552475499051946
0.3054248946114931,-0.8813111137109262
0.3078512201273388,-0.9046784467781338
0.3172099042598866,-0.9280457798453413
0.331767857354961,-0.947818138594517
0.35325816906673746,-0.9648942666051687
0.3799477497410405,-0.9747804459797565
0.4121832173087052,-0.9828691381953284
0.4475382462538859,-0.9909578304109002
0.4863594545074176,-1.002641496944504
0.5272603703459599,-1.016122650637124
0.5719740834236884,-1.0314012914887596
0.6198073578789328,-1.0430849580223633
0.6728399012967038,-1.0493761630789193
0.7296852419536609,-1.0430849580223633
0.7903433798498042,-1.0314012914887596
0.8516947536076176,-1.016122650637124
0.9123528915037609,-1.0035402405240121
0.9702380859532234,-0.9909578304109002
1.0243104831634997,-0.9828691381953284
1.072143757618744,-0.9747804459797565
1.115124381042297,-0.9648942666051687
1.1501327920566426,-0.947818138594517
1.1789020803159562,-0.9307420105838653
1.197966066511887,-0.9109696518346897
1.2104443120219508,-0.8974884981420699
1.214257109261137,-0.8849060880289581
1.211484165814456,-0.8822098572904341
1.198312684442722,-0.8786148829724022
1.1771689906617806,-0.8813111137109262
1.1435470513707755,-0.8786148829724022
1.1009130458780578,-0.8813111137109262
1.045454176944441,-0.8786148829724022
0.9858358928408031,-0.8813111137109262
0.9217115756363088,-0.8786148829724022
0.8617466736018357,-0.8813111137109262
0.803168243290703,-0.8786148829724022
0.7536018791812831,-0.8813111137109262
0.7088881661035547,-0.8795136265519102
0.6749196088817144,-0.8813111137109262
0.6454570847607305,-0.8795136265519102
0.6256998627031296,-0.8804123701314182
0.6094088199538796,-0.8795136265519102
0.5986636640979914,-0.8804123701314182
0.587225272380433,-0.8795136265519102
0.5782132061787203,-0.8804123701314182
0.567468050322832,-0.8777161393928943
0.5601890737752948,-0.8759186522338782
0.5536033330894279,-0.8687287035978144
0.5515236255044172,-0.8588425242232266
0.5494439179194066,-0.8435638833715908
0.5494439179194066,-0.8255890117814312
0.547364210334396,-0.8031204222937315
0.5452845027493853,-0.779753089226524
0.5414717055101992,-0.7545882690003004
0.5400852337868588,-0.7294234487740768
0.5400852337868588,-0.7042586285478533
0.5445912668877151,-0.6790938083216297
0.5518702434352523,-0.6539289880954061
0.5622687813603054,-0.6296629114486906
0.5716274654928533,-0.604498091222467
0.5816793854870713,-0.5793332709962434
0.5903448337579489,-0.5532697071905118
0.5990102820288266,-0.5308011177028122
0.603862933060518,-0.5101300153741286
0.6083689661613744,-0.49575011810200087
0.6094088199538796,-0.4831677079888891
0.6111419096080551,-0.4759777593528252
0.6101020558155499,-0.46878781071676134
0.6128749992622307,-0.4633953492397134
0.6159945606397467,-0.45620540060364956
0.6222336833947785,-0.4490154519675857
0.623620155118119,-0.43823052901348986
0.6243133909797891,-0.4274456060593941
0.6198073578789328,-0.41036947804874235
0.6163411785705817,-0.3905971192995667
0.6101020558155499,-0.36633104265285116
0.6087155840922094,-0.34296370958564354
0.6080223482305392,-0.316001402200404
0.6101020558155499,-0.2917353255536884
0.6094088199538796,-0.26657050532746485
0.6101020558155499,-0.24230442868074928
0.610448673746385,-0.21624086487501776
0.6135682351239009,-0.19197478822830216
0.6163411785705817,-0.1659112244225706
0.6201539758097678,-0.14164514777585505
0.6215404475331083,-0.11648032754963149
0.620500593740603,-0.09131550732340792
0.613914853054736,-0.06615068709718436
0.6069824944380339,-0.041884610450468776
0.6000501358213318,-0.015821046644737234
0.5955441027204754,0.00934377358148633
0.5893049799654436,0.033609850228201905
0.5851455647954223,0.05787592687491749
0.5795996779020607,0.0803445163626171
0.5737071730778639,0.10101561869130074
0.5636552530836458,0.1198892338609684
0.5529100972277576,0.1378641054511281
0.5414717055101992,0.15583897704128777
0.5317664034468162,0.17651007936997143
0.5237941910376088,0.19807992527816304
0.5220611013834333,0.22234600192487863
0.5283002241384652,0.2466120785715942
0.5411250875793641,0.27177689879781775
0.5570695123977789,0.2969417190240413
0.5782132061787203,0.3221065392502649
0.6087155840922094,0.3463726158969805
0.6548157688932783,0.37243617970271203
0.7203265578211131,0.3967022563494276
0.8118336915615806,0.4227658201551591
0.9234446652904843,0.4470318968018747
1.0409481438435846,0.47309546060760627
1.1425071975782704,0.49646279367481383
1.211830783745291,0.5225263574805454
1.2378271285579239,0.544994946968245
1.2229225575320144,0.5683622800354526
1.1764757548001106,0.5863371516256123
1.1161642348348024,0.6016157924772481
1.0544662431461538,0.6115019718518359
0.9948479590425158,0.6186919204878997
0.9338432032155374,0.6204894076469157
0.8655594708410218,0.6231856383854396
0.786530582610618,0.6222868948059317
0.6981430102476663,0.6231856383854396
0.6055960227146935,0.6222868948059317
0.5165152144900717,0.6222868948059317
0.43540661867465724,0.6222868948059317
0.36261685319928527,0.6222868948059317
0.2946797387556048,0.6213881512264237
0.22812909603526477,0.6222868948059317
0.16261830710743005,0.6213881512264237
0.09849398990293572,0.6222868948059317
0.04060879545347328,0.6213881512264237
-0.011037276240957275,0.6222868948059317
-0.05887055069620169,0.6231856383854396
-0.106357207220611,0.6267806127034716
-0.16042960443088727,0.6321730741805195
-0.21762156301867952,0.6438567407141232
-0.2817458802231738,0.658236637986251
-0.3375513670876256,0.6753127659969027
-0.39127714636706684,0.6914901504280465
-0.4262855573814124,0.7058700477001743
-0.45574808150239626,0.714857483495254
-0.4744654497674919,0.7229461757108259
-0.491449728378412,0.7283386371878738
-0.5153663656060342,0.7391235601419697
-0.5451755076578532,0.7517059702550815
-0.5916223103897572,0.7696808418452411
-0.6432683820841878,0.7858582262763848
-0.7094724068736927,0.8020356107075285
-0.7763696675248678,0.8110230465026084
-0.8505459047235802,0.8191117387181802
-0.9087777171038778,0.8209092258771962
-0.9434395101873881,0.8227067130362121
-0.9070446274497023,0.8209092258771962
-0.7683974551156605,0.8200104822976882
-0.4772383932141727,0.8110230465026084
-0.036687003122755,0.8020356107075285
0.5289934600001355,0.7858582262763848
1.122056739658999,0.7705795854247491
1.6340114235024483,0.7517059702550815
1.932102844020638,0.7382248165624616
1.9490871226315583,0.7265411500288579
1.669366452447629,0.7211486885518099
1.1726629575609244,0.7130599963362381
0.5660815785994916,0.7040725605411582
-0.023515521751021035,0.6878951761100145
-0.5216054883610661,0.6663253302018229
-0.8949129998704736,0.6375655356575674
-1.1666614576451955,0.6106032282723278
-1.367353239598721,0.5836409208870883
-1.5264508698520338,0.5620710749788967
-1.6443009663359693,0.5405012290707051
-1.7181305856038467,0.5162351524239895
-1.7375411897306123,0.48657661430022603
-1.7157042600880008,0.4533231018584306
-1.6675243677019214,0.4173733586781112
-1.6259302160017088,0.3850185898158238
-1.5985473994657355,0.3562587952715683
-1.600627107050746,0.33019523146583674
-1.616571531869161,0.3068278983986292
-1.6443009663359693,0.28346056533142155
-1.6723770187336129,0.25919448868470596
-1.699066599407916,0.23402966845848241
-1.7226366187047029,0.20886484823225887
-1.7403141331772933,0.1837000280060353
-1.7479397276556656,0.15943395135931973
-1.749672817309841,0.13426913113309616
-1.7406607511081285,0.10910431090687259
-1.7354614821456018,0.08393949068064903
-1.726449415943889,0.05877467045442547
-1.72922235939057,0.033609850228201905
-1.7285291235288998,0.00934377358148633
-1.7382344255922826,-0.016719790224245218
-1.739274279384788,-0.0463783283480087
-1.749672817309841,-0.07873309721029614
-1.7475931097248305,-0.1155815839701235
-1.752099142825687,-0.15332881430945883
-1.7420472228314687,-0.19107604464879419
-1.7385810435231177,-0.22612704424960559
-1.7257561800822188,-0.25578558237336907
-1.7274892697363944,-0.2818491461791006
-1.7281825055980646,-0.30611522282581616
-1.7441269304164795,-0.33038129947253175
-1.7548720862723677,-0.35464737611924735
-1.7715097469524526,-0.3789134527659629
-1.7746293083299687,-0.4031795294126785
-1.7756691621224738,-0.4247493753208701
-1.760071355234894,-0.44362299049053777
-1.7413539869697985,-0.4580028877626655
-1.7118914628488147,-0.46788906713725337
-1.6848552642436765,-0.47507901577331724
-1.6550461221918575,-0.47777524651184117
-1.632862574618411,-0.4795727336708572
-1.6120654987683045,-0.48047147725036515
-1.59612107394989,-0.4831677079888891
-1.5746307622381133,-0.489458913045445
-1.5489810353563156,-0.5002438359995408
-1.510506445033619,-0.5146237332716685
-1.4626731705783746,-0.5325986048618282
-1.4020150326822314,-0.548775989292972
-1.337890715477737,-0.5631558865650997
-1.2709934548265618,-0.5730420659396875
-1.2110285527920888,-0.5838269888937834
-1.1538365942042965,-0.5955106554273871
-1.1070431735415576,-0.6170805013355788
-1.0630226963254992,-0.6458402958798343
-1.0311338466886697,-0.6853850133781856
-1.0040976480835315,-0.7294234487740768
-0.9954321998126539,-0.7806518328060319
-0.995778817743489,-0.8282852425199551
-1.0172691294552654,-0.8813111137109262
-1.045691799783744,-0.9289445234248493
-1.0910987487231427,-0.9810716510363124
-1.1361590797317063,-1.0287050607502357
-1.1923111845269931,-1.0817309319412067
-1.2397978410514026,-1.1293643416551298
-1.2935236203308436,-1.182390212846101
-1.331651592722705,-1.229124878980516
-1.3728991264920825,-1.2821507501714873
-1.39785561751221,-1.3297841598854103
-1.427318141633194,-1.3828100310763813
-1.4422227126591034,-1.4286459536312885
-1.4630197885092098,-1.4762793633452118
-1.4723784726417575,-1.5131278501050391
-1.4858965719443267,-1.5454826189673265
-1.4883228974601723,-1.5643562341369943
-1.4945620202152041,-1.580533618568138
-1.4949086381460392,-1.590419797942726
-1.5011477609010713,-1.6039009516353455
-1.5028808505552467,-1.6164833617484573
-1.5094665912411136,-1.634458233338617
-1.5125861526186297,-1.6506356177697608
-1.516745567788651,-1.6659142586213964
-1.5146658602036402,-1.6749016944164763
-1.5129327705494648,-1.6838891302115562
-1.5087733553794436,-1.69107907884762
-1.5060004119327626,-1.702762745381224
-1.500454525039401,-1.7162438990738436
-1.49698834573105,-1.7351175142435113
-1.4924823126301936,-1.756687360151703
-1.4893627512526777,-1.7809534367984186
-1.4824303926359756,-1.804320769865626
-1.4758446519501085,-1.8267893593533258
-1.466832585748396,-1.8465617181025014
-1.457473901615848,-1.863637846113153
-1.4429159485207737,-1.872625281908233
-1.4287046133565344,-1.878017743385281
-1.4127601885381196,-1.8744227690672488
-1.3999353250972206,-1.869030307590201
-1.3853773720021463,-1.8591441282156131
-1.3760186878695986,-1.8528529231590574
-1.3652735320137104,-1.8420680002049614
-1.3569547016736678,-1.8321818208303737
-1.3406636589244179,-1.8115107185016899
-1.3243726161751679,-1.7872446418549743
-1.2994161251550405,-1.7476999243566231
-1.2765393417199236,-1.7063577196992559
-1.2474234355297749,-1.6497368741902527
-1.2235067983021526,-1.5958122594197737
-1.195084127973674,-1.528406490956675
-1.171514108676887,-1.466393183970624
-1.141358348694233,-1.3935949540304773
-1.1167484756049404,-1.3324803906239344
-1.0879791873456268,-1.2650746221608355
-1.0647557859796748,-1.2129474945493723
-1.035986497720361,-1.1563266490403694
-1.0099901529077282,-1.1149844443830021
-0.976021595685888,-1.074540983305143
-0.9420530384640478,-1.0502749066584272
-0.8983791791788246,-1.0260088300117116
-0.8550519378244366,-1.0170213942166317
-0.806872045438357,-1.0134264198985998
-0.7611184785681232,-1.0287050607502357
-0.7094724068736927,-1.0574648552944912
-0.6557466275942515,-1.1140857008034941
-0.5871162772889008,-1.1904789050616729
-0.5035813559576406,-1.283049493750995
-0.3978628870529338,-1.3729238517017937
-0.2800127905689983,-1.4547095174370201
-0.15869651477671176,-1.517621568002579
-0.05159157414866449,-1.5661537212960102
0.032289965113430776,-1.5985084901582978
0.08601574439287196,-1.6263695411230452
0.11443841472135052,-1.6470406434517288
0.12310386299222814,-1.6650155150418886
0.1203309195455473,-1.6722054636779524
0.10819929196631865,-1.6758004379959843
0.0884420699087177,-1.6695092329394285
0.056206602341052986,-1.6614205407238567
0.012532743055829826,-1.644344412713205
-0.04292612587778688,-1.6272682847025532
-0.10150455618891953,-1.6030022080558377
-0.1607762223617224,-1.582331105727154
-0.21207567612531783,-1.5562675419214225
-0.2540164457563655,-1.5364951831722469
-0.2800127905689983,-1.5149253372640552
-0.2945707436640727,-1.5032416707304515
-0.2963038333182482,-1.4915580041968475
-0.29145118228655675,-1.4924567477763555
-0.2782797009148228,-1.4915580041968475
-0.2640683657505835,-1.5041404143099593
-0.2477773230013336,-1.5140265936845472
-0.2335659878370943,-1.5391914139107707
-0.21866141681118484,-1.5625587469779783
-0.20445008164694556,-1.5985084901582978
-0.1937049257910573,-1.632660746179601
-0.17949359062681802,-1.6749016944164763
-0.17117476028677553,-1.7081552068582717
-0.15592357133003093,-1.7405099757205593
-0.14933783064416395,-1.759383590890227
-0.13685958513410018,-1.7728647445828467
-0.12750090100155237,-1.7719660010033387
-0.11536927342232371,-1.765674795946783
-0.10254440998142485,-1.746801180777115
-0.09006616447136108,-1.7234338477099076
-0.07897439068463774,-1.6865853609500803
-0.07412173965294629,-1.643445669133697
-0.07689468309962712,-1.5877235672042018
-0.0917992541255366,-1.523014029479627
-0.11086324032146735,-1.4466208252214483
-0.12160839617735558,-1.3630376723272057
-0.08763983895551536,-1.2713658272173913
0.035062908560111614,-1.176997751369053
0.2943331208247697,-1.0781359576231748
0.7185934681669376,-0.9792741638772965
1.2918995257682002,-0.8804123701314182
1.9404216743606806,-0.7842468071240639
2.546656435391278,-0.6889799876962175
2.980275466865994,-0.599105629745419
3.1456122198743386,-0.5128262461126526
3.0125109344336587,-0.4355342982749659
2.629151502930033,-0.36453355549383515
2.1015990121990042,-0.30791270998483217
1.5483967945861776,-0.26297553100943294
1.0572391865928346,-0.23421573646517743
0.6666007785416719,-0.21713960845452573
0.37197553733183314,-0.21444337771600178
0.15083329745903648,-0.2189370956135417
-0.01831625278849447,-0.23781071078320937
-0.139632528580781,-0.26207678742992496
-0.20826287888613168,-0.2980265306102443
-0.22004788853452525,-0.33577376094957967
-0.19023874648270625,-0.3789134527659629
-0.1399791465116161,-0.41935691384382223
-0.09561205136472276,-0.45890163134217354
-0.06926908862125482,-0.491256400204461
-0.06406981965872825,-0.5209149383282244
-0.0748149755146165,-0.5415860406569081
-0.08209395206215368,-0.5586621686675598
-0.09006616447136108,-0.5685483480421476
-0.07966762654630795,-0.5757382966782115
-0.0748149755146165,-0.5784345274167354
-0.05540437138785064,-0.5793332709962434
-0.045352451393632615,-0.5757382966782115
-0.028368172782712496,-0.5676496044626397
-0.017623016926824258,-0.5541684507700199
-0.003411681762584978,-0.5334973484413362
0.009066563747478782,-0.5074337846356046
0.023624516842553168,-0.47507901577331724
0.035062908560111614,-0.43823052901348986
0.04511482855432964,-0.39509083719710664
0.05170056924019663,-0.3474574274831835
0.05482013061771256,-0.2917353255536884
0.05551336647938277,-0.22972201856763752
0.05551336647938277,-0.1614175065250307
0.05516674854854767,-0.09131550732340792
0.05585998441021788,-0.016719790224245218
0.0572464561335583,0.05877467045442547
0.06001939958023913,0.13426913113309616
0.06279234302691997,0.20437113033471893
0.06695175819694123,0.2699794116388018
0.07041793750529227,0.32929648788632876
0.07665706026032415,0.3904110512928717
0.08462927266953155,0.4533231018584306
0.09849398990293572,0.5315137932756252
0.11651812230636115,0.6213881512264237
0.14147461332648867,0.722047432131318
0.17024390158580233,0.8155167644001483
0.2052523126001479,0.9026948916124228
0.24234043119950405,0.9709994036550296
0.2849744366922219,1.0312152234820646
0.32830167804661,1.0770511460369718
0.37544171664018416,1.1246845557508949
0.4222351373029233,1.1660267604082621
0.4714548834815081,1.2091664522246455
0.5206746296600929,1.242419964666441
0.5716274654928533,1.2783697078467602
0.6225803013256136,1.3089269895500317
0.6731865192275389,1.3475729634688751
0.7203265578211131,1.3835227066491944
0.763307181244666,1.4275611420450856
0.8007419177748573,1.468004603122945
0.8326307674116868,1.5093468077803123
0.8589737301551549,1.5426003202221077
0.8801174239360962,1.577651319822919
0.8950219949620057,1.6091073451056985
0.9012611177170375,1.6468545754450339
0.8967550846161813,1.6828043186253532
0.8797708060052611,1.7223490361237046
0.8506548998151123,1.7574000357245159
0.8111404556999104,1.7870585738482794
0.7646936529680064,1.8059321890179472
0.7147806709277514,1.8194133427105668
0.6641744530258261,1.8284007785056466
0.6153013247780764,1.8400844450392504
0.5698943758386777,1.8535655987318702
0.5293400779309705,1.8688442395835059
0.494331666916625,1.8805279061171098
0.464522524864806,1.8859203675941576
0.4399126517755136,1.8805279061171098
0.4187689579945722,1.869742983163014
0.39970497179864145,1.8535655987318702
0.3841071649110618,1.8409831886187584
0.37197553733183314,1.8284007785056466
0.3657364145768012,1.8203120862900748
0.3622702352684502,1.8050334454384391
0.3629634711301204,1.7879573174277874
0.3636567069917906,1.7565012921450078
0.36538979664596616,1.7250452668622285
0.3640033249226257,1.6881967801024012
0.3636567069917906,1.6630319598761776
0.3622702352684502,1.63966462680897
0.36434994285346084,1.6297784474343822
0.36608303250763635,1.6162972937417623
0.3709356835393278,1.6100060886852066
0.3740552449168437,1.5920312170950468
0.37960113181020544,1.579448806981935
0.38237407525688627,1.5578789610737434
0.3868801083577426,1.5479927816991557
0.38999966973525857,1.5327141408475198
0.3962387924902904,1.530017910108996
0.4028245331761574,1.52372670505244
0.41183659937787015,1.526422935790964
0.41842234006373713,1.521929217893424
0.42327499109542854,1.525524192211456
0.4239682269570988,1.524625448631948
0.4229283731645935,1.530017910108996
0.42084866557958284,1.5273216793704718
0.4222351373029233,1.522827961472932
0.4263945524729445,1.5048530898827723
0.4343667648821519,1.4751945517590088
0.4419923593605242,1.4266623984655777
0.4492713359080614,1.3673453222180507
0.454470604870588,1.2999395537549518
0.4593232559022794,1.2271413238148052
0.4620961993489603,1.1453556580795785
0.4655623786573113,1.05997501802632
0.46764208624232195,0.9754931215525695
0.47076164761983785,0.8982011737148828
0.4724947372740134,0.8272004309337521
0.4749210627898591,0.7678833546862252
0.47630753451319957,0.7139587399157461
0.47630753451319957,0.656439150827235
0.47353459106651874,0.5818434337280723
0.4704150296890028,0.49736153725432186
0.46833532210399215,0.4074871793035234
0.471108265550673,0.3212077956707569
0.4787338600290453,0.23852338635602235
0.49155872346994417,0.16752264357489158
0.507503148288359,0.10461059300933268
0.5262205165534546,0.051584721818361594
0.5490972999885715,0.0030525685249304393
0.584105711002917,-0.03289717465538894
0.6350585468356774,-0.0580619948816125
0.7054219867952036,-0.06704943067669233
0.7872238184722882,-0.06794817425620032
0.869372268080208,-0.05356827698407258
0.9352296749388778,-0.029302200337356997
0.9764772087082553,0.005748799263454392
0.9886088362874839,0.04349602960278973
0.9806366238782764,0.08393949068064903
0.9584530763048298,0.1207879774404764
0.932456731492197,0.15583897704128777
0.9005678818553674,0.18549751516505125
0.8614000556710005,0.2115610789707828
0.8076742763915594,0.23043469414045048
0.740083779878714,0.23942212993553033
0.6610548916483102,0.23133343771995846
0.5785598241095553,0.20796610465275087
0.49814446415581115,0.1711176178929235
0.42951411385046045,0.1252816953380163
0.37613495250185436,0.0740533113060612
0.3390468339024982,0.021027440115090126
0.31443696081320577,-0.034694661814404906
0.29918577185646117,-0.09491048164143985
0.2894804697930783,-0.15872127578650674
0.28081502152220067,-0.22522830067009758
0.27214957325132305,-0.2935328127127044
0.26625706842712626,-0.35824235043727926
0.26452397877295075,-0.41935691384382223
0.2697232477354773,-0.4732815286143013
0.27457589876716876,-0.5182187075897005
0.2846278187613868,-0.550573476451988
0.28740076220806765,-0.5703458352011636
0.29606621047894527,-0.5739408095191956
0.29398650289393463,-0.5658521173036236
0.2998790077181314,-0.5442822713954321
0.298492535994791,-0.5137249896921605
0.3009188615106367,-0.47148404145528533
0.29814591806395585,-0.4211544010028382
0.29329326703226444,-0.36093858117580324
0.2870541442772325,-0.29712778703073633
0.27873531393719003,-0.22972201856763752
0.2693766298046422,-0.16321499368404666
0.2565517663637433,-0.0985054559594718
0.24026072361449344,-0.04008712329145281
0.21981026569522227,0.016533722217550204
0.2069854022543234,0.06955959340852128
0.22604938845025416,0.12258546459949236
0.31928961184489724,0.1720163614724315
0.534192728962662,0.22054851476586265
0.9040340611637184,0.26548569374126185
1.4277737546555611,0.3059291548191212
2.047179997057893,0.3400814108404246
2.6579207911893468,0.36614497464615614
3.1307076488484293,0.3868160769748398
3.3598221011304332,0.4020947178264755
3.298817345303455,0.41198089720106335
2.976809287557643,0.4173733586781112
2.4839185899101244,0.42096833299614317
1.9355690233289893,0.42186707657565115
1.427427136724726,0.4227658201551591
1.0104457659300954,0.42186707657565115
0.6880910902534484,0.42186707657565115
0.4433788310838646,0.42186707657565115
0.255511912571238,0.42186707657565115
0.11721135816803137,0.42186707657565115
0.03159672925176057,0.42186707657565115
0.0010943513382713796,0.42186707657565115
0.019465101672531914,0.42186707657565115
0.06383219681942529,0.42186707657565115
0.1123587071363399,0.42186707657565115
0.1421678491881589,0.42186707657565115
0.15429947676738753,0.42186707657565115
0.14667388228901523,0.42186707657565115
0.13315578298644618,0.42186707657565115
0.1210241554072175,0.4227658201551591
0.11270532506717501,0.42186707657565115
0.11374517885968032,0.42096833299614317
0.11513165058302073,0.41557587151909525
0.12483695264640365,0.40568969214450745
0.13419563677895147,0.3904110512928717
0.14667388228901523,0.37243617970271203
0.15707242021406836,0.3526638209535364
0.16504463262327576,0.3382839236814086
0.1688574298624619,0.3274990007273128
0.1688574298624619,0.32390402640928084
0.16539125055411089,0.3212077956707569
0.1598453636607492,0.3221065392502649
0.15360624090571734,0.3212077956707569
0.14667388228901523,0.32300528282977287
0.13835505194897274,0.3212077956707569
0.13107607540143554,0.3221065392502649
0.12275724506139303,0.3212077956707569
0.11790459402970158,0.32300528282977287
0.11478503265218563,0.3212077956707569
0.11651812230636115,0.3221065392502649
0.1203309195455473,0.3212077956707569
0.1286497498855898,0.3221065392502649
0.13870166987980784,0.3212077956707569
0.1522197691823769,0.3221065392502649
0.16608448641578108,0.3212077956707569
0.1830687650267012,0.3221065392502649
0.20213275122263194,0.3212077956707569
0.22570277051941906,0.3221065392502649
0.2523923511937221,0.3221065392502649
0.2842812008305517,0.3221065392502649
0.31998284770656743,0.3221065392502649
0.35915067389093425,0.3212077956707569
0.4003982076603117,0.31761282135272495
0.4433788310838646,0.3095241291371531
0.4884391620924282,0.2969417190240413
0.5348859648243321,0.27986559101338965
0.5823726213487415,0.26099197584372197
0.6298592778731508,0.2421183606740543
0.6763060806050548,0.2232447455043866
0.7210197936827832,0.2052698739142269
0.7622673274521607,0.18639625874455926
0.8010885357056924,0.16842138715439955
0.8367901825817081,0.15134525914374786
0.869372268080208,0.1378641054511281
0.8967550846161813,0.12797792607654027
0.9175521604662875,0.12168672101998437
0.9286439342530108,0.1144967723839205
0.9282973163221757,0.10550933658884065
0.9147792170196066,0.09112943931671291
0.8901693439303142,0.07495205488556919
0.8544676970542985,0.05787592687491749
0.8121803094924157,0.04349602960278973
0.7640004171063363,0.03181236306918594
0.7154739067894216,0.024622414433122065
0.6659075426800016,0.01563497863804222
0.6211938296022732,0.006647542842962376
0.5795996779020607,-0.008631098008673357
0.5470175924035608,-0.025707226019325062
0.5196347758675876,-0.04278335402997677
0.5026504972566674,-0.05626450772259653
0.48947901588493353,-0.06794817425620032
0.4832398931299016,-0.07423937931275622
0.4756142986515293,-0.07783435363078815
0.4704150296890028,-0.07783435363078815
0.4620961993489603,-0.07963184078980412
0.4551638407322582,-0.07873309721029614
0.44615177453054544,-0.07963184078980412
0.43887279798300827,-0.07873309721029614
0.42951411385046045,-0.07783435363078815
0.42327499109542854,-0.07423937931275622
0.418075722132902,-0.06884691783570832
0.418075722132902,-0.0580619948816125
0.42015542971791264,-0.04368209760948475
0.4270877883346147,-0.02390973886030909
0.43540661867465724,-0.002339892952117467
0.44649839246138057,0.021027440115090126
0.4562036945247635,0.04619226034131369
0.46729546831148683,0.07135708056753726
0.47838724209821015,0.09652190079376081
0.4891323979540984,0.12168672101998437
0.4957181386399654,0.14595279766669994
0.5005707896716568,0.1720163614724315
0.504383586910843,0.19628243811914708
0.5088896200116994,0.22234600192487863
0.5127024172508855,0.2466120785715942
0.517555068282577,0.27177689879781775
0.5217144834525982,0.2969417190240413
0.5255272806917843,0.3221065392502649
0.5262205165534546,0.3463726158969805
0.5286468420693003,0.37243617970271203
0.5303799317234759,0.3967022563494276
0.5345393468934971,0.4236645637346671
0.5352325827551673,0.4470318968018747
0.5366190544785077,0.4712979734485903
0.5317664034468162,0.49017158861825794
0.5279536062076301,0.5072477166289097
0.5224077193142684,0.5153364088444815
0.5206746296600929,0.5216276139010374
0.517555068282577,0.5216276139010374
0.5185949220750823,0.5234251010600534
0.517555068282577,0.5216276139010374
0.5199813937984227,0.5225263574805454
0.517555068282577,0.5216276139010374
0.517901686213412,0.5234251010600534
0.517555068282577,0.5225263574805454
0.521021247590928,0.5270200753780854
0.5251806627609493,0.5324125368551332
0.5393919979251885,0.544096203388737
0.5650417248069863,0.5593748442403728
0.6083689661613744,0.5800459465690564
0.663481217164156,0.60071704889774
0.7262190626453099,0.6222868948059317
0.7806380777864212,0.6384642792370754
0.8118336915615806,0.6519454329296952
0.8111404556999104,0.6627303558837909
0.786530582610618,0.6753127659969027
0.7588011481438096,0.6905914068485385
0.7525620253887778,0.7103637655977141
0.7823711674405968,0.7337310986649217
0.84302930533674,0.7597946624706533
0.9120062735729259,0.7885544570149088
0.9612260197515107,0.8218079694567042
0.975783972846585,0.8595551997960396
0.955680132858149,0.9026948916124228
0.9199784859821332,0.94853081416733
0.8839302211752823,0.9979617110402691
0.8534278432617932,1.0473926079132083
0.8142600170774263,1.0986209919451633
0.7518687895271076,1.1453556580795785
0.650656353723257,1.1893940934754699
0.5189415400059174,1.2262425802352972
0.36920259388515225,1.2576986055180766
0.22570277051941906,1.2801671950057762
0.0967609002487602,1.2990408101754438
-0.008957568655946649,1.3107244767090478
-0.09838499481140359,1.3188131689246196
-0.17186799614844572,1.3152181946065875
-0.23876525679962088,1.2990408101754438
-0.2969970691799184,1.2639898105746326
-0.3559221174218862,1.2154576572812013
-0.4113809863555029,1.1507481195566265
-0.46926618080496535,1.0815448639345118
-0.5219521062919013,1.010544121153381
-0.5722117062629913,0.946733327008314
-0.6186585089948954,0.8838212764427551
-0.6678782551734802,0.8263016873542441
-0.7250702137612723,0.7669846111067171
-0.7871148233807561,0.7085662784386981
-0.8543587019627663,0.6420592535551073
-0.9080844812422075,0.5764509722510245
-0.9538380481124413,0.5081464602084177
-0.9829539543025901,0.4443356660633508
-1.0110300067002336,0.38232235907729983
-1.0443053280604035,0.32660025714780483
-1.0862460976914512,0.27177689879781775
-1.1392786411092222,0.22234600192487863
-1.195430745904509,0.1720163614724315
-1.2540091762156418,0.12618043891752428
-1.3091214272184233,0.08124325994212508
-1.3638870602903699,0.04259728602328175
-1.4086007733680983,0.006647542842962376
-1.4318241747340503,-0.02390973886030909
-1.3995887071663855,-0.052669533404564595
-1.274113016204078,-0.07963184078980412
-1.012069860492739,-0.10479666101602768
-0.5982080510756241,-0.1272652505037273
-0.049165248632818764,-0.14793635283241094
0.5581093661902842,-0.16411373726355466
1.1161642348348024,-0.1739999166381425
1.4925913077217257,-0.18208860885371433
1.6028158097272889,-0.1901773010692862
1.4121759477679814,-0.20186096760289
0.9841028031866276,-0.21534212129550975
0.4170358683403967,-0.23241824930616145
-0.1541904816758554,-0.24859563373730517
-0.6533203020784057,-0.2638742745889409
-1.0314804646195046,-0.27376045396352877
-1.3153605499734553,-0.2827478897586086
-1.5184786574428264,-0.28993783839467246
-1.6848552642436765,-0.3016215049282763
-1.7999324172809312,-0.31420391504138806
-1.875495126202984,-0.3339762737905637
-1.8841605744738616,-0.35464737611924735
-1.8598973193154043,-0.3798121963454709
-1.8040918324509525,-0.40407827299218646
-1.7649240062665856,-0.42924309321841003
-1.7365013359381072,-0.4535091698651256
-1.7410073690389634,-0.4795727336708572
-1.756605175926543,-0.5038388103175727
-1.7815616669466707,-0.5299023741233043
-1.8054783041742928,-0.5541684507700199
-1.8241956724393886,-0.5793332709962434
-1.8446461303586597,-0.604498091222467
-1.855737904145383,-0.6296629114486906
-1.8640567344854255,-0.6548277316749141
-1.8633634986237553,-0.6799925519011377
-1.8595507013845691,-0.7042586285478533
-1.855737904145383,-0.7303221923535848
-1.852618342767867,-0.7563857561593164
-1.8533115786295373,-0.7833480635445559
-1.8536581965603725,-0.8085128837707795
-1.855737904145383,-0.8291839860994631
-1.8564311400070532,-0.8426651397920828
-1.8623236448312501,-0.8462601141101148
-1.8675229137937766,-0.8390701654740509
-1.8744552724104786,-0.8246902682019231
-1.8761883620646542,-0.8031204222937315
-1.875841744133819,-0.779753089226524
-1.8709890931021276,-0.7554870125798083
-1.8702958572404573,-0.7348159102511247
-1.8696026213787873,-0.7150435515019491
-1.8751485082721489,-0.7015623978093293
-1.878961305511335,-0.6898787312757255
-1.888319989643883,-0.6844862697986775
-1.895252348260585,-0.6799925519011377
-1.9094636834248242,-0.6808912954806456
-1.9177825137648667,-0.6781950647421217
-1.9274878158282496,-0.6799925519011377
-1.9191689854882072,-0.6781950647421217
-1.9042644144622975,-0.6808912954806456
-1.8664830600012712,-0.6781950647421217
-1.8252355262318938,-0.6799925519011377
-1.7652706241974208,-0.6772963211626137
-1.7105049911254744,-0.6826887826396616
-1.6408347870276183,-0.6871825005372015
-1.5812165029239804,-0.7051573721273613
-1.5111996808952892,-0.7285247051945688
-1.454354340238332,-0.7644744483748882
-1.390923258895508,-0.8022216787142236
-1.3420501306477584,-0.8435638833715908
-1.2897108230916574,-0.8786148829724022
-1.2508896148381259,-0.9136658825732136
-1.2096420810687485,-0.9406281899584531
-1.1812194107402698,-0.9684892409232007
-1.1514102686884509,-0.9927553175699162
-1.1337327542158606,-1.0179201377961398
-1.1174417114666106,-1.0376924965453154
-1.115708621812435,-1.054768624555967
-1.121601126636632,-1.061059829612523
-1.1444779100717488,-1.059262342453507
-1.175673523846908,-1.0466799323403952
-1.221080472786307,-1.0305025479092516
-1.2699536010340566,-1.010730189160076
-1.3236793803134976,-0.9963502918879482
-1.3718592726995773,-0.9855653689338524
-1.4179594575006462,-0.9801729074568044
-1.4547009581691672,-0.9720842152412326
-1.487283043667667,-0.9630967794461528
-1.510506445033619,-0.949615625753533
-1.5313035208837253,-0.9334382413223893
-1.5444750022554592,-0.9145646261527216
-1.5576464836271933,-0.9001847288805939
-1.5649254601747304,-0.88850106234699
-1.5746307622381133,-0.8876023187674821
-1.5784435594772994,-0.892096036665022
-1.5857225360248366,-0.9118683954141976
-1.5864157718865068,-0.9397294463789452
-1.5916150408490335,-0.9801729074568044
-1.5909218049873632,-1.0170213942166317
-1.5957744560190548,-1.058363598873999
-1.5940413663648791,-1.0925158548953025
-1.5978541636040653,-1.1293643416551298
-1.5919616587798686,-1.1590228797788933
-1.5916150408490335,-1.1976688536977367
-1.580176649131475,-1.233618596878056
-1.5753239980997835,-1.2794545194329632
-1.5597261912122038,-1.3181004933518066
-1.5507141250104912,-1.3603414415886819
-1.5319967567453956,-1.3926962104509693
-1.5212516008895072,-1.4241522357337488
-1.5046139402094223,-1.4430258509034164
-1.4966417278002149,-1.4610007224935762
-1.4820837747051405,-1.469089414709148
-1.473764944365098,-1.4780768505042279
-1.4585137554083534,-1.4789755940837357
-1.447075363690795,-1.4816718248222598
-1.4290512312873695,-1.4789755940837357
-1.4144932781922952,-1.4771781069247198
-1.3947360561346942,-1.469089414709148
-1.3774051595929389,-1.4601019789140681
-1.354874994088657,-1.4439245944829244
-1.334077918238551,-1.4259497228927647
-1.3094680451492584,-1.4034811334050652
-1.2852047899908012,-1.3801138003378575
-1.2574753555239928,-1.354948980111634
-1.228012831403009,-1.3306829034649184
-1.195430745904509,-1.3046193396591867
-1.1631952783368444,-1.2803532630124712
-1.1299199569766745,-1.2551884427862476
